file_name,file_type,file_size,text_length,num_pages,source_system,extracted_text,document_type
InternalControl_Security_2021.html,html,10,5409,5,intranet_cms,"Company control standard. Applies to employees, contractors, systems, records, and third-party services. Includes review frequency, owner, effective date, and change history.",policy_document
client_MekongRetail_273693_review.docx,docx,981,5322,7,google_drive,"Document between NovaTech and LotusAnalytics. It defines service scope, responsibilities, milestones, fees, renewal process, confidentiality, data handling, liability limits, termination, and dispute handling.",contract
Legal_GreenfieldMFG_final_202305.docx,docx,1006,21254,16,email_attachment,"Vendor onboarding document. Contains commercial terms, service levels, approval workflow, contact points, and conditions for cancellation or extension. Several clauses refer to appendices and supporting schedules.",contract
DataAnalyst_TranBaoNgoc_profile.docx,docx,85,1282,2,sharepoint,"Applicant document. Experience includes data cleaning, dashboard preparation, API integration, documentation, stakeholder communication, and team collaboration. Skills include Python, SQL, Excel, Git, and reporting tools.",resume
ICML_2024_submission_577624.pdf,pdf,932,6361,4,google_drive,"Prepared for internal review. The attached information summarizes key records, responsible owners, dates, comments, and follow-up actions. Some tab ... [extraction truncated]",research_paper
CRMUpgrade_review_pack_v1.pdf,pdf,18455,15356,50,ocr_scanner,"Prepared for internal review. The attached information summarizes key records, responsible owners, dates, comments, and follow-up actions. Some tables may require manual validation before being loaded into the data platform.",financial_statement
VoNgocMai_ProductAnalyst_2022_application.docx,docx,387,1406,2,sharepoint,"NguyenVanAn. Candidate profile for QAEngineer. Contact information, summary, work history, education, technical skills, projects, certifications, and references are listed.",resume
OrchidHealth_business_update_Q1_2023.docx,docx,1124,17538,17,email_attachment,"Business review pack. Contains charts, operational notes, customer segment analysis, revenue movement, issue summary, recommendations, and follow-up actions for leadership review.",report
NguyenVanAn_FrontendDeveloper_CV.pdf,pdf,956,4766,4,sharepoint,"Recruiting attachment from HR workflow. Contains employment history, academic background, project descriptions, achievements, tools used, expected role, and availability information.",resume
AsterFoods_business_update_Q1_2023_746.xlsx,xlsx,485,5042,9,api_ingestion,"[OCR low confidence] Bsness revw pack. Contains charts, pertonal notes, customer segment analysis, revenue movement, issue summary, recommendations, and follow-up actions for leadership review.",report
SalesDashboard_review_pack_v2.docx,docx,446,1022,2,streamlit_upload,"Internal guideline for incident response. Defines purpose, scope, responsibilities, approval steps, exceptions, audit evidence, and review cycle.",policy_document
Le_DocumentAI_draft_v6.docx,docx,384,9553,6,api_ingestion,"Research note prepared for submission. It compares several methods using accuracy, macro F1, retrieval quality, latency, and robustness under noisy extraction conditions.",research_paper
client_RiverstoneLabs_285443_approved.jpg,jpg,1812,709,3,streamlit_upload,Please review the attached document and confirm whether the extracted information matches the original source. Several fields may be incomplete because the file was converted from a scanned copy.,invoice
upload_202311_65764.docx,docx,262,1634,2,sharepoint,"DoanAnhKhoa. Candidate profile for Accountant. Contact information, summary, work history, education, technical skills, projects, certifications, and references are listed.",resume
WarehouseOps_Q1_2024_review.pdf,pdf,2575,16018,12,sharepoint,"Prepared for internal review. The attached information summarizes key records, responsible owners, dates, comments, and follow-up actions. Some tables may require manual validation before being loaded into the data platform.",report
AP_RiverstoneLabs_SAP_2021_11.pdf,pdf,117,220,1,email_attachment,"Billing document received for processing. The first page contains recipient information, reference number, service period, payment instructions, and bank details. Some line items were extracted from a scanned table.",invoice
OCRPostCorrection_technical_note_2024.docx,docx,1455,10386,10,sharepoint,"Technical manuscript about Forecasting. The document describes motivation, related work, dataset construction, method design, experiments, results, limitations, and future work.",research_paper
LotusAnalytics_PacificDigital_MSA_2022_final.docx,docx,956,22630,19,sharepoint,"Vendor onboarding document. Contains commercial terms, service levels, approval workflow, contact points, and conditions for cancellation or extension. Several clauses refer to appendices and supporting schedules.",contract
Finance_LotusAnalytics_consolidated_2026.txt,txt,6,8119,15,finance_portal,"EastBridge finance close package. Revenue 6,964,447.46, operating expenses 2,418,691.10, assets, liabilities, cash movement, receivables, payables, and equity balances are included with n ... [extraction truncated]",financial_statement
upload_202504_155515.pdf,pdf,2296,21362,18,email_attachment,"[OCR low confidence] Rserch not prepard for submssion. It compares several methods using accuracy, macro F1, retrieval quality, latency, and robustness under noisy extraction conditions.",research_paper
client_BrightlineGroup_294596_review.pdf,pdf,243,1287,3,vendor_portal,"Billing document received for processing. The first page contains recipient information, reference number, service period, payment instructions, and bank details. Some line items were extracted from a scanned table.",invoice
client_VertexCapital_30868_final.pdf,pdf,1175,11089,6,google_drive,"Study draft. Sections include introduction, problem setting, baseline models, evaluation protocol, ablation analysis, error cases, discussion, references, and appendix tables.",research_paper
Finance_InternalAudit_202405.docx,docx,972,11886,15,ocr_scanner,Please review the attached document and confirm whether the extracted information matches the original source. Several fields may be incomplete because the file was converted from a scanned copy.,report
Research_attachment_2021_452933.pdf,pdf,1034,3338,5,preprint_server,"Technical manuscript about SpeechRecognition. The document describes motivation, related work, dataset construction, method design, experiments, results, limitations, and future work.",research_paper
upload_202112_30927.csv,csv,35,17020,23,streamlit_upload,"LotusAnalytics finance close package. Revenue 4,655,078.75, operating expenses 3,721,423.14, assets, liabilities, cash movement, receivables, payables, and  ... [extraction truncated]",financial_statement
GreenfieldMFG_DataNest_MSA_2021_draft.pdf,pdf,1905,3740,10,legal_dms,"Document between BrightlineGroup and SummitLogistics. It defines service scope, responsibilities, milestones, fees, renewal process, confidentiality, data handling, liability limits, termination, and dispute handling.",contract
RetailForecasting_review_pack_v5.csv,csv,1,923,1,google_drive,"Billing document received for processing. The first page contains recipient information, reference number, service period, payment instructions, and bank details. Some line items were extracted from a scanned table.",invoice
EastBridge_FY2025_Q1_financials.html,html,3,3549,14,excel_upload,"Quarterly financial review. Tables show revenue by business unit, cost of sales, payroll expense, inventory movement, bank balance, outstanding receivables, and management adjustm ... [extraction truncated]",financial_statement
CloudNine_Finance_records_2023_05.pdf,pdf,213,4992,4,email_attachment,"Study draft. Sections include introduction, problem setting, baseline models, evaluation protocol, ablation analysis, error cases, discussion, ref ... [extraction truncated]",research_paper
BlueHarbor_Strategy_records_2024_04.pdf,pdf,146,1530,2,ats_upload,"Recruiting attachment from HR workflow. Contains employment history, academic background, project descriptions, achievements, tools used, expected role, and availability information.",resume
IT_attachment_2021_574881.png,png,1143,252,1,erp_export,"Billing document received for processing. The first page contains recipient information, reference number, service period, payment instructions, and bank details. Some line items were extracted from a scanned table.",invoice
client_SummitLogistics_802721_final.pdf,pdf,680,6013,6,sharepoint,"Operating procedure maintained by Legal. The document describes required controls, roles, escalation path, documentation standards, training expectations, and consequences for non-compliance.",policy_document
Forecasting_procedure_2022_review.pdf,pdf,2293,6019,13,sharepoint,"Operating procedure maintained by Procurement. The document describes required controls, roles, escalation path, documentation standards, training expectations, and consequences for non-compliance.",policy_document
OrchidHealth_payment_request_202510.txt,txt,1,1041,2,sharepoint,"Accounts payable entry. Vendor Zoom. PO number 279701. The table lists item description, quantity, unit cost, currency, tax code, approver, due date, and payment remarks.",invoice
AsterFoods_business_update_Q1_2023.xlsx,xlsx,5819,21702,19,google_drive,"MarketExpansion update for EastBridge. The file summarizes current progress, KPI movement, risks, blockers, action items, owners, and next review date. Tables compare this period with the previous baseline.",report
Admin_attachment_2026_960716.pdf,pdf,7296,45640,65,email_attachment,"Accounting workbook extracted from ERP. Sheets include trial balance, profit and loss, balance sheet, cash flow, tax adjustments, depreciation, accruals, and reconciliation comments.",financial_statement
DataNest_trial_balance_2024_12.xlsx,xlsx,6259,53382,62,google_drive,"Quarterly financial review. Tables show revenue by business unit, cost of sales, payroll expense, inventory movement, bank  ... [extraction truncated]",financial_statement
Finance_ProcurementFlow_202412.txt,txt,28,30135,35,sharepoint,Please review the attached document and confirm whether the extracted information matches the original source. Several fields may be incomplete because the file was converted from a scanned copy.,policy_document
AsterFoods_HR_records_2021_07.pdf,pdf,89,2151,2,ocr_scanner,"Applicant document. experlence includes data cleaning, dashboard preparation, API integration, documentation, stakeholder communication, and team collaboration. Skills include Python, SQL, Excel, Git, and reporting tools.",resume
MekongRetail_CustomerSuccess_records_2025_07.pdf,pdf,278,567,1,ocr_scanner,"VuThanhLam. Candidate profile for ProductAnalyst. Contact information, summary, work history, education, technical skills, projects, certifications, and referenc ... [extraction truncated]",resume
Admin_VendorMigration_202410.xlsx,xlsx,3986,23920,32,powerbi_export,"Business review pack. Contains charts, operational notes, customer segment analysis, revenue movement, issue summary, recommendations, and follow-up actions for leadership review.",report
upload_202310_198609.pdf,pdf,310,1169,2,email_attachment,Please review the attached document and confirm whether the extracted information matches the original source. Several fields may be incomplete because the file was converted from a scanned copy.,invoice
BlueHarbor_Admin_records_2026_01.docx,docx,296,1375,2,sharepoint,"PhanDucMinh. Candidate profile for SalesOperations. Contact information, summary, work history, education, technical skills, projects, certifications, and references are listed.",resume
client_AsterFoods_645596_signed.docx,docx,475,11130,6,api_ingestion,"cornpany control standard. Applies to employees, contractors, systems, records, and third-party services. Includes review frequency, owner, effective date, and change history.",policy_document
Ops_RiskMonitoring_202409.txt,txt,49,30884,31,erp_export,"Accounting workbook extracted from ERP. Sheets include trial balance, profit and loss, balance sheet, cash flow, tax adjustments, depreciation, accruals, and reconciliation comments.",financial_statement
AP_NovaTech_Dell_2021_02.jpg,jpg,252,291,1,sharepoint,[OCR low confidence] Plese revew th ttachd dcment nd cnfirm whether the extracted information matches the original source. Several fields may be incomplete because the file was converted from a scanned copy.,invoice
PO283738_Momo_supporting-doc.txt,txt,1,587,3,email_attachment,"Billing document received for processing. The first page contains recipient information, reference number, service period, payment instructions, and bank details. Some line items were extracted from a scanned table.",invoice
DataPlatform_review_pack_v2.pdf,pdf,168,891,1,hr_portal,"Applicant document. Experience includes data cleaning, dashboard preparation, API integration, documentation, stakeholder communication, and team collaboration. Skills include Python, SQL, Excel, Git, and reporting tools.",resume
EastBridge_business_update_Q2_2021.pptx,pptx,13165,6260,14,email_attachment,[OCR low confidence] Pls reviw the ttchd dcment and cnfrm whether the extracted information matches the original source. Several fields may be incomplete because the file was converted from a scanned copy.,report
PacificDigital_trial_balance_2023_03.txt,txt,6,9631,23,ocr_scanner,"Accounting workbook extracted from ERP. Sheets include trial balance, profit and loss, balance sheet, cash flow, tax adjustments, depreciation, accruals, and reconciliation comments.",financial_statement
Sales_attachment_2025_276515.docx,docx,78,2370,2,google_drive,"Document between MekongRetail and EastBridge. It defines service scope, responsibilities, milestones, fees, renewal process, confidentiality, data handling, liability limits, termination, and dispute handling.",contract
Finance_RiskMonitoring_202503.pdf,pdf,670,9876,6,sharepoint,"Study draft. Sections include introduction, problem setting, baseline models, evaluation protocol, ablation analysis, error cases, discussion, references, and appendix tables.",research_paper
Strategy_attachment_2021_429293.xlsx,xlsx,2834,7668,22,streamlit_upload,"NovaTech finance close package. Revenue 629,851.37, operating expenses 475,270.77, assets, liabilities, cash movement, receivables, payables, and equity balances are included with notes.",financial_statement
SummitLogistics_FY2024_Q4_financials.docx,docx,1055,13953,31,email_attachment,"Quarterly financial review. Tables show revenue by business unit, cost of sales, payroll expense, inventory movement, bank balance, outstanding receivables, and management adjustments.",financial_statement
Vu_OCRPostCorrection_draft_v5.pdf,pdf,940,15817,10,sharepoint,"Technical manuscript about RAG. The document describes motivation, related work, dataset construction, method design, experiments, results, limitations, and future work.",research_paper
upload_202208_158982.docx,docx,516,4934,6,api_ingestion,"Prepared for internal review. The attached information summarizes key records, responsible owners, dates, comments, and follow-up actions. Some tables may require manual validation before being loaded into the data platform.",policy_document
upload_202504_868856.pdf,pdf,184,692,2,api_ingestion,"Supplier record from OfficePro for EastBridge. Payment reference 90744. Items include software service, delivery, license renewal, or office equipment. Net 12,316.18, tax 0.00, amount payable 12,316.18. Payment status and approval notes are included.",invoice
GreenfieldMFG_FY2023_Q1_financials.pdf,pdf,3879,33048,52,erp_export,"BrightlineGroup finance close package. Revenue 3,450,386.73, operating expenses 136,468.19, assets, liabilities, cash movement, receivables, payables, and equity balances are included with notes.",financial_statement
MekongRetail_Procurement_records_2025_02.pdf,pdf,176,707,1,sharepoint,"Accounts payable entry. Vendor GoogleCloud. PO number 454441. The table lists item description, quantity, unit cost, currency, tax code, approver, due date, and payment remarks.",invoice
Finance_VertexCapital_consolidated_2023.xlsx,xlsx,5006,9551,26,streamlit_upload,"Accounting workbook extracted from ERP. Sheets include trial balance, profit and loss, balance sheet, cash flow, tax adjustments, depreciation, accruals, and reconciliation comments.",financial_statement
Sales_metrics_pack_202401.pptx,pptx,9976,14726,15,email_attachment,"[OCR low confidence] Monthly prformnc summary prepred by HR. Includs surc dt nots, metric definitions, trend observations, variance explanations, and proposed next steps.",report
upload_202308_618086.pdf,pdf,356,2855,2,google_drive,"TranBaoNgoc. Candidate profile for MarketingExecutive. Contact information, summary, work history, education, technical skills, projects, certifications, and references are listed.",resume
PO662054_Canon_supporting-doc.xlsx,xlsx,411,896,2,erp_export,"[OCR low confidence] Billing dcumnt recevd for processing. Th first pge contns recipient information, reference number, service period, payment instructions, and bank details. Some line items were extracted from a scanned table.",invoice
BlueHarbor_payment_request_202201.png,png,1077,348,1,vendor_portal,"Document received through automated ingestion. The content includes names, dates, numeric values, approval notes, and references to supporting materials. Some pages contain scanned tables and handwritten annotations.",invoice
NguyenMinhKhang_Accountant_2023_application.docx,docx,232,1681,2,hr_portal,"LeThuHa. Candidate profile for BackendDeveloper. Contact information, summary, work history, education, technical skills, projects, certifications, and references are listed.",resume
Product_RetailForecasting_202306.png,png,1602,654,2,ocr_scanner,"Supplier record from Canon for AcmeCorp. Payment reference 38819. Items include software service, delivery, license renewal, or office equipment. Net 1,954.74, tax 195.47, amount payable 2,150.21. Payment status and approval notes are included.",invoice
PO960338_OfficePro_supporting-doc.jpg,jpg,356,457,1,finance_portal,"Supplier record from SAP for RiverstoneLabs. Payment reference 66412. Items include software service, delivery, license renewal, or office equipment. Net 102.48, tax 10.25, amount payable 112.73. Payment status and approval notes are included.",invoice
client_SummitLogistics_411576_signed.pdf,pdf,1631,9973,12,google_drive,"Company control standard. Applies to employees, contractors, systems, records, and third-party services. Includes review frequency, owner, effective date, and change history.",policy_document
FPT_202412_Bill_489735.docx,docx,72,217,1,sharepoint,"Supplier record from Atlassian for RiverstoneLabs. Payment reference 32023. Items include software service, delivery, license renewal, or office equip ... [extraction truncated]",invoice
InternalControl_Security_2025.txt,txt,14,11865,16,google_drive,"Company control standard. Applies to employees, contractors, systems, records, and third-party services. Includes review frequency, owner, effective date, and change history.",policy_document
Product_attachment_2025_124886.pdf,pdf,502,3391,3,sharepoint,Please review the attached document and confirm whether the extracted information matches the original source. Several fields may be incomplete because the file was converted from a scanned copy.,contract
AP_AcmeCorp_Canon_2026_02.png,png,650,362,1,api_ingestion,"Billing document received for processing. The first page contains recipient information, reference number, service period, payment instructions, and bank details. Some line items were extracted from a scanned table.",invoice
Research_SalesDashboard_202202.xlsx,xlsx,1770,39458,69,email_attachment,"Accounting workbook extracted from ERP. Sheets include trial balance, profit and loss, balance sheet, cash flow, tax adjustments, depreciation, accruals, and reconciliation comments.",financial_statement
PO176057_HP_supporting-doc.pdf,pdf,169,770,1,sharepoint,"Accounts payable entry. Vendor OfficePro. PO number 706591. The table lists item description, quantity, unit cost, currency, tax code, approver, due date, and payment remarks.",invoice
InternalControl_AccessControl_2026.docx,docx,723,7733,15,ocr_scanner,"Operating procedure maintained by Procurement. The document describes required controls, roles, escalation path, documentation standards, training expectations, and consequences for non-compliance.",policy_document
DataNest_HR_records_2023_08.pptx,pptx,83521,20670,27,google_drive,"Internal guideline for expense claims. Defines purpose, scope, responsibilities, approval steps, exceptions, audit evidence, and review cycle.",policy_document
IT_RevenueOptimization_202107.pdf,pdf,1102,8080,12,sharepoint,"This file was uploaded as part of the monthly data collection process. It contains business records, notes, attachments, and operational context used by downstream analytics and reporting modules.",report
client_MekongRetail_849375_review.pdf,pdf,1492,14025,6,email_attachment,Please review the attached document and confirm whether the extracted information matches the original source. Several fields may be incomplete because the file was converted from a scanned copy.,research_paper
AcmeCorp_payment_request_202402.xlsx,xlsx,63,132,1,ocr_scanner,"Accounts payable entry. Vendor VNPT. PO number 294706. The table lists item description, quantity, unit cost, currency, tax code, approver, due date, and payment remarks.",invoice
Finance_MekongRetail_consolidated_2023.csv,csv,8,4632,10,excel_upload,"Accounting workbook extracted from ERP. Sheets include trial balance, profit and loss, balance sheet, cash flow, tax adjustments, depreciation, accruals, and reconciliation comments.",financial_statement
VertexCapital_DataNest_MSA_2026_review.pdf,pdf,268,2265,4,sharepoint,"Vendor onboarding document. Contains commercial terms, service levels, approval workflow, contact points, and conditions for cancellation or extension. Several clauses refer to appendices and supporting schedules.",contract
DocumentAI_review_pack_v1.docx,docx,537,1229,3,email_attachment,"Operating procedure maintained by Finance. The document describes required controls, roles, escalation path, documentation standards, training expectations, and consequences for non-compliance.",policy_document
Product_InternalAudit_202412.txt,txt,1,229,1,api_ingestion,"Supplier record from GoogleCloud for BrightlineGroup. Payment reference 27152. Items include software service, delivery, license renewal, or office equipment. Net 11,677.97, tax 0.00, amount payable 11,677.97. Payment status and approval notes are included.",invoice
Procurement_SalesDashboard_202504.pdf,pdf,1279,3767,5,erp_export,"Accounting workbook extracted from ERP. Sheets include trial balance, profit and loss, balance sheet, cash flow, tax adjustments, depreciation, accruals, and reconciliation comments.",financial_statement
upload_202210_976141.docx,docx,4129,25482,30,streamlit_upload,"Document received through automated ingestion. The content includes names, dates, numeric values, approval notes, and references to supporting materials. Some pages contain scanned tables and handwritten annotations.",policy_document
Doan_AccessControl_draft_v6.pdf,pdf,2154,14847,14,google_drive,"Technical manuscript about TimeSeries. The document describes motivation, related work, dataset construction, method design, experiments, results, limitations, and future work.",research_paper
MobileApp_review_pack_v3.docx,docx,164,2904,3,sharepoint,"[OCR low confidence] BiKhnhLinh. Canddat prfl fr DtaAnlyst. Contact information, summary, work history, education, technical skills, projects, certifications, and references are listed.",resume
OrchidHealth_Product_records_2023_07.xlsx,xlsx,550,14835,17,powerbi_export,"VendorMigration update for VertexCapital. The file summarizes current progress, KPI movement, risks, blockers, action items, owners, and next review date. Tables compare this period with the previous baseline.",report
Sales_metrics_pack_202601.txt,txt,9,8282,12,api_ingestion,"Monthly performance summary prepared by CustomerSuccess. Includes source data notes, metric definitions, trend observations, variance explanations, and proposed next steps.",report
Research_SalesDashboard_202211.pdf,pdf,1934,13213,18,email_attachment,"Monthly performance summary prepared by Finance. Includes source data notes, metric definitions, trend observations, variance explanations, and proposed next steps.",report
Legal_GreenfieldMFG_approved_202306.pdf,pdf,2963,13194,8,sharepoint,"Legal review copy. Sections include scope, obligations, payment schedule, ownership of work products, privacy requirements, support terms, warranties, change requests, and signature blocks.",contract
Legal_DataPlatform_202106.docx,docx,502,11426,11,google_drive,"Company control standard. Applies to employees, contractors, systems, records, and third-party services. Includes review frequency, owner, effective date, and change history.",policy_document
NovaTech_Compliance_records_2026_03.png,png,1731,405,1,erp_export,"Billing document received for processing. The first page contains recipient information, reference number, service period, payment instructions, and bank details. Some line items were extracted from a scanned table.",invoice
Applicant_PhamGiaBao_round4.pdf,pdf,229,1018,1,email_attachment,"Applicant document. Experience includes data cleaning, dashboard preparation, API integration, documentation, stakeholder communication, and team collaboration. Skills include Python, SQL, Excel, Git, and reporting tools.",resume
CustomerChurn_review_pack_v5.xlsx,xlsx,3473,18336,27,streamlit_upload,"Quarterly financial review. Tables show revenue by business unit, cost of sales, payroll expense, inventory movement, bank balance, outstanding receivables, and management adjustments.",financial_statement
Applicant_PhamNguyenTuong_round2.pdf,pdf,74,1184,1,sharepoint,"Applicant document. Experience includes data cleaning, dashboard preparation, API integration, documentation, stakeholder communication, and team collaboration. Skills include Python, SQL, Excel, Git, and reporting tools.",resume
client_LotusAnalytics_50512_draft.jpg,jpg,1265,544,1,google_drive,"Billing document received for processing. The first page contains recipient information, reference number, service period, payment instructions, and bank details. Some line items were extracted from a scanned table.",invoice
upload_202208_720260.pdf,pdf,1668,8182,10,legal_dms,"Legal review copy. Sections include scope, obligations, payment schedule, ownership of work products, privacy requirements, support terms, warranties, change requests, and signature blocks.",contract
upload_202209_419187.csv,csv,23,20757,27,sharepoint,Please review the attached document and confirm whether the extracted information matches the original source. Several fields may be incomplete because the file was converted from a scanned copy.,financial_statement
upload_202104_374893.pdf,pdf,212,645,1,sharepoint,"BuiKhanhLinh. Candidate profile for MarketingExecutive. Contact information, summary, work history, education, technical skills, projects, certifications, and references are listed.",resume
VendorRisk_procedure_2021_signed.pdf,pdf,3923,11984,15,google_drive,"Prepared for internal review. The attached information summarizes key records, responsible owners, dates, comments, and follow-up actions. Some tables may require manual validation before being loaded into the data platform.",policy_document
Legal_DataRetention_guideline_v1.docx,docx,551,12913,10,intranet_cms,"Company control standard. Applies to employees, contractors, systems, records, and third-party services. Includes review frequency, owner, effective date, and change history.",policy_document
Legal_attachment_2024_641942.pdf,pdf,676,2779,3,ocr_scanner,"Legal review copy. Sections include scope, obligations, payment schedule, ownership of work products, privacy requirements, support terms, warranties, change requests, and signature blocks.",contract
upload_202403_779032.docx,docx,2376,11492,10,sharepoint,"[OCR low confidence] Resrch not preprd fr sbmssn. It cmpres sveral mthds using accuracy, macro F1, retrieval quality, latency, and robustness under noisy extraction conditions.",research_paper
client_DataNest_725828_review.xlsx,xlsx,1946,15328,17,excel_upload,"Quarterly financial review. Tables show revenue by business unit, cost of sales, payroll expense, inventory movement, bank bal ... [extraction truncated]",financial_statement
BrightlineGroup_PacificDigital_MSA_2026_signed.docx,docx,1018,1463,5,api_ingestion,"Vendor onboarding document. Contains commercial terms, service levels, approval workflow, contact points, and conditions for cancellation or extension. Several clauses refer to appendices and supporting schedules.",contract
upload_202604_577932.docx,docx,233,1109,2,erp_export,"Supplier record from Viettel for MekongRetail. Payment reference 44194. Items include software service, delivery, license renewal, or office equipment. Net 17,183.99, tax 859.20, amount payable 18,043.19. Payment status and approval notes are included.",invoice
NovaTech_FY2022_Q1_financials.xlsx,xlsx,418,6812,15,sharepoint,"RiverstoneLabs finance close package. Revenue 5,508,965.76, operating expenses 2,958,335.75, assets, liabilities, cash movement, receivables, payables, and equity balances are included with notes.",financial_statement
MekongRetail_Legal_records_2024_05.pdf,pdf,398,1907,2,api_ingestion,"Company control standard. Applies to employees, contractors, systems, records, and third-party services. Includes review frequency, owner, effective date, and change history.",policy_document
CloudNine_monthly_close_202210.pdf,pdf,6437,17593,25,email_attachment,"Quarterly financial review. Tables show revenue by business unit, cost of sales, payroll expense, inventory movement, bank balance, outstanding receivables, and management adjustments.",financial_statement
IT_MarketExpansion_202512.pdf,pdf,232,525,1,google_drive,"Recruiting attachment from HR workflow. Contains employment history, academic background, project descriptions, achievements, tools us ... [extraction truncated]",resume
client_GreenfieldMFG_953444_pending.pdf,pdf,331,5436,4,compliance_portal,"Prepared for internal review. The attached information summarizes key records, responsible owners, dates, comments, and follow-up actions. Some tables may require manual validation before being loaded into the data platform.",policy_document
MekongRetail_Product_records_2021_02.pdf,pdf,3083,4934,13,ocr_scanner,"Accounting workbook extracted from ERP. Sheets include trial balance, profit and loss, balance sheet, cash flow, tax adjustments, depreciation, accruals, and reconciliation comments.",financial_statement
VertexCapital_Ops_records_2023_04.xlsx,xlsx,6358,13912,31,finance_portal,"Prepared for internal review. The attached information summarizes key records, responsible owners, dates, comments, and follow-up actions. Some tables may require manual validation before being loaded into the data platform.",financial_statement
client_SummitLogistics_286698_signed.html,html,5,7679,14,google_drive,"Operating procedure maintained by Research. The document describes required controls, roles, escalation path, documentation standards, training expectations, and consequences for non-compliance.",policy_document
NguyenMinhKhang_MarketingExecutive_CV.pdf,pdf,851,2013,4,google_drive,"Recruiting attachment from HR workflow. Contains employment history, academic background, project descriptions, achievements, tools used, expected role, and availability information.",resume
upload_202107_892039.pdf,pdf,308,816,1,sharepoint,"[OCR low confidence] Recritng attchment from HR workflow. Contains employment history, academic background, project descriptions, achievements, tools used, expected role, and availability information.",resume
NovaTech_FY2023_Q3_financials.pdf,pdf,2139,3842,12,api_ingestion,"Accounting workbook extracted from ERP. Sheets include trial balance, profit and loss, balance sheet, cash flow, tax adjustments, depreciation, accruals, and reconciliation comments.",financial_statement
CustomerSuccess_attachment_2021_173292.csv,csv,1,865,2,google_drive,"Supplier record from Canon for BrightlineGroup. Payment reference 13479. Items include software service, delivery, license renewal,  ... [extraction truncated]",invoice
BrightlineGroup_Admin_records_2021_06.html,html,10,12888,10,compliance_portal,"Operating procedure maintained by Product. The document describes required controls, roles, escalation path, documentation standards, training expectations, and consequences for non-compliance.",policy_document
GreenfieldMFG_payment_request_202307.pdf,pdf,191,202,1,sharepoint,"Supplier record from Viettel for VertexCapital. Payment reference 29023. Items include software service, delivery, license renewal, or office equipment. Net 18,951.66, tax 1,516.13, amount payable 20,467.79. Payment status and approval notes are included.",invoice
upload_202603_744372.docx,docx,204,585,1,sharepoint,"Supplier record from Microsoft for AsterFoods. Payment reference 83865. Items include software service, delivery, license renewal, or office equipment. Net 2,406.41, tax 192.51, amount payable 2,598.92. Payment status and approval notes are included.",invoice
BlueHarbor_IT_records_2026_05.pdf,pdf,2434,5728,11,crm_export,"DocumentAI update for BlueHarbor. The file summarizes current progress, KPI movement, risks, blockers, action items, owners, and next review date. Tables compare this period with the previous baseline.",report
BlueHarbor_Procurement_records_2026_04.txt,txt,10,9782,6,api_ingestion,Please review the attached document and confirm whether the extracted information matches the original source. Several fields may be incomplete because the file was converted from a scanned copy.,research_paper
Procurement_RevenueOptimization_202301.pdf,pdf,6132,42835,31,sharepoint,"Accounting workbook extracted from ERP. Sheets include trial balance, profit and loss, balance sheet, cash flow, tax adjustments, depreciation, accruals, and reconciliation comments.",financial_statement
EastBridge_PacificDigital_service_docs_2024.docx,docx,1744,6441,9,streamlit_upload,"[OCR low confidence] Vndor onbrdng dcmnt. Contns commercial terms, service levels, approval workflow, contact points, and conditions for cancellation or extension. Several clauses refer to appendices and supporting schedules.",contract
Slack_202604_Bill_439784.pdf,pdf,625,954,2,sharepoint,"Billing document received for processing. The first page contains recipient information, reference number, service period, payment instructions, and bank details. Some line items were extracted from a scanned table.",invoice
LotusAnalytics_BrightlineGroup_service_docs_2026.pdf,pdf,2434,8624,10,ocr_scanner,"Vendor onboarding document. Contains commercial terms, service levels, approval workflow, contact points, and conditions for cancellation or extension. Several clauses refer to appendices and supporting schedules.",contract
AccessControl_technical_note_2021.pdf,pdf,686,3644,4,streamlit_upload,"Technical manuscript about OCRPostCorrection. The document describes motivation, related work, dataset construction, method design, experiments, results, limitations, and future work.",research_paper
Finance_VertexCapital_consolidated_2021.pdf,pdf,2609,15559,12,api_ingestion,"Quarterly financial review. Tables show revenue by business unit, cost of sales, payroll expense, inventory movement, bank balance, outstanding receivables, and management adjustments.",financial_statement
AsterFoods_HR_records_2023_05.pdf,pdf,263,2206,2,sharepoint,"[OCR low confidence] VThnhDat. Candidt prfle fr MLEngner. Cntct infrmatn, summary, work history, education, technical skills, projects, certifications, and references are listed.",resume
OrchidHealth_AsterFoods_service_docs_2021.pdf,pdf,2297,4109,9,google_drive,"Document between LotusAnalytics and AsterFoods. It defines service scope, responsibilities, milestones, fees, renewal process, confidentiality, data handling, liability limits, termination, and dispute handling.",contract
Strategy_MobileApp_202503.docx,docx,452,5075,5,sharepoint,"Document between CloudNine and AcmeCorp. It defines service scope, responsibilities, milestones, fees, renewal process, confidentiality, data handling, liability limits, termination, and dispute handling.",contract
Procurement_WarehouseOps_202410.docx,docx,789,10785,11,preprint_server,"Technical manuscript about TimeSeries. The document describes motivation, related work, dataset construction, method design, experiments, results, limitations, and future work.",research_paper
client_RiverstoneLabs_173342_approved.docx,docx,91,1367,2,sharepoint,"VuThanhLam. Candidate profile for BackendDeveloper. Contact information, summary, work history, education, technical skills, projects, certifications, and references are listed.",resume
SIGIR_2022_submission_546755.tex,tex,3,5070,5,google_drive,"Research note prepared for submission. It compares several methods using accuracy, macro F1, retrieval quality, latency, and robustness under noisy extraction conditions.",research_paper
ACL_2026_submission_905563.html,html,32,17709,11,email_attachment,Please review the attached document and confirm whether the extracted information matches the original source. Several fields may be incomplete because the file was converted from a scanned copy.,research_paper
client_AcmeCorp_186186_signed.docx,docx,213,17264,12,email_attachment,"Monthly performance summary prepared by Legal. Includes source data notes, metric definitions, trend observations, variance explanations, and proposed next steps. ... [extraction truncated]",report
Sales_attachment_2024_539578.docx,docx,1031,3529,18,finance_portal,"This file was uploaded as part of the monthly data collection process. It contains business records, notes, attachments, and operational context used by downstream analytics and reporting modules.",financial_statement
client_GreenfieldMFG_876378_draft.docx,docx,852,3981,6,intranet_cms,"Internal guideline for vendor risk. Defines purpose, scope, responsibilities, approval steps, exceptions, audit evidence, and review cycle.",policy_document
DoanAnhKhoa_SoftwareEngineer_CV.txt,txt,1,1069,1,google_drive,"This file was uploaded as part of the monthly data collection process. It contains business records, notes, attachments, and operational context used by downstream analytics and reporting modules.",resume
client_BrightlineGroup_211695_draft.pdf,pdf,6897,35408,32,streamlit_upload,"Quarterly financial review. Tables show revenue by business unit, cost of sales, payroll expense, inventory movement, bank balance, outstanding receivables, and management adjustments.",financial_statement
Strategy_DocumentAI_guideline_v5.docx,docx,552,21796,22,api_ingestion,"Prepared for internal review. The attached information summarizes key records, responsible owners, dates, comments, and follow-up actions.  ... [extraction truncated]",policy_document
Hoang_VendorRisk_draft_v2.pdf,pdf,790,6005,6,sharepoint,"Technical manuscript about CustomerAnalytics. The document describes motivation, related work, dataset construction, method design, experiments, results, limitations, and future work.",research_paper
AsterFoods_Research_records_2021_10.xlsx,xlsx,434,1043,2,erp_export,"Billing document received for processing. The first page contains recipient information, reference number, service period, payment instructions, and bank details. Some line items were extracted from a scanned table.",invoice
Finance_attachment_2025_284122.pdf,pdf,1160,6110,6,academic_repository,"Research note prepared for submission. It compares several methods using accuracy, macro F1, retrieval quality, latency, and robustness under noisy extraction conditions.",research_paper
AcmeCorp_trial_balance_2023_10.xlsx,xlsx,1574,5876,8,email_attachment,"Accounting workbook extracted from ERP. Sheets include trial balance, profit and loss, balance sheet, cash flow, tax adjustments, depreciation, accruals, and reconciliation comments.",financial_statement
Security_technical_note_2021.pdf,pdf,381,5312,5,streamlit_upload,"Document received through automated ingestion. The content includes names, dates, numeric values, approval notes, and references to supporting materials. Some pages contain scanned tables and handwritten annotations.",research_paper
LotusAnalytics_Sales_records_2023_10.xlsx,xlsx,6306,45034,62,sharepoint,"Quarterly financial review. Tables show revenue by business unit, cost of sales, payroll expense, inventory movement, bank balance, outstanding receivables, and management adjustments.",financial_statement
upload_202110_574660.xlsx,xlsx,1784,6568,13,api_ingestion,"Monthly performance summary prepared by IT. Includes source data notes, metric definitions, trend observations, variance exp ... [extraction truncated]",report
NovaTech_trial_balance_2026_07.xlsx,xlsx,509,3738,4,finance_portal,"GreenfieldMFG finance close package. Revenue 6,314,516.87, operating expenses 4,581,539.41, assets, liabilities, cash movement, receivables, payables, and equity balances are included with notes.",financial_statement
NovaTech_payment_request_202311.pdf,pdf,614,1435,2,erp_export,"Document received through automated ingestion. The content includes names, dates, numeric values, approval notes, and references to supporting materials. Some pages contain scanned tables and handwritten annotations.",invoice
Applicant_NguyenVanAn_round4.txt,txt,1,1172,1,api_ingestion,"Recruiting attachment from HR workflow. Contains employment history, academic background, project descriptions, achievements, tools used, expected role, and availability information.",resume
Procurement_attachment_2022_391710.pdf,pdf,438,1313,2,google_drive,"[OCR low confidence] Rcrutng ttchmnt from HR workflow. Cntans mployment histry, academic background, project descriptions, achievements, tools used, expected role, and availability information.",resume
WarehouseOps_dashboard_export_202504.xlsx,xlsx,3599,5815,18,powerbi_export,"Business review pack. Contains charts, operational notes, customer segment analysis, revenue movement, issue summary, recommendations, and follow-up actions for leadership review.",report
Strategy_RetailForecasting_202402.txt,txt,6,8312,9,email_attachment,"Study draft. sect1ons include introduction, problem setting, baseline models, evaluation protocol, ablation analysis, error cases, discussion, references, and appendix tables.",research_paper
HR_attachment_2021_318916.xlsx,xlsx,1556,2438,8,email_attachment,"Quarterly financial review. Tables show revenue by business unit, cost of sales, payroll expense, inventory movement, bank balance, outstanding receivables, and management adjustments.",financial_statement
DataNest_trial_balance_2024_04.pdf,pdf,492,2032,3,excel_upload,Please review the attached document and confirm whether the extracted information matches the original source. Several fields may be incomplete because the file was converted from a scanned copy.,financial_statement
Ops_attachment_2024_597483.pdf,pdf,423,486,2,google_drive,"Supplier record from ShopeeAds for DataNest. Payment reference 97219. Items include software service, delivery, license renewal, or office equipment. Net 9,205.01, tax 460.25, amount payable 9,665.26. Payment status and approval notes are included.",invoice
MekongRetail_PacificDigital_service_docs_2023.pdf,pdf,1921,5340,16,google_drive,"Legal review copy. Sections include scope, obligations, payment schedule, ownership of work products, privacy requirements, support terms, warranties, change requests, and signature blocks.",contract
Product_attachment_2021_290768.pdf,pdf,2561,12219,10,api_ingestion,"Technical manuscript about OCRPostCorrection. The document describes motivation, related work, dataset construction, method design, experiments, results, limitations, and future work.",research_paper
Procurement_SOP_202311.docx,docx,1148,3229,8,sharepoint,"Internal guideline for vendor risk. Defines purpose, scope, responsibilities, approval steps, exceptions, audit evidence, and review cycle.",policy_document
CustomerSuccess_attachment_2023_388613.jpg,jpg,3869,736,2,vendor_portal,"Accounts payable entry. Vendor HP. PO number 493905. The table lists item description, quantity, unit cost, currency, tax code, approver, due date, and payment remarks.",invoice
LeThuHa_DataAnalyst_CV.docx,docx,23,732,1,email_attachment,"Recruiting attachment from HR workflow. Contains employment history, academic background, project descriptions, achievements, tools used, expected role, and availability information.",resume
OCRPostCorrection_technical_note_2025.pdf,pdf,740,5087,4,sharepoint,"Technical manuscript about OCRPostCorrection. The document describes motivation, related work, dataset construction, method design, experiments, results, limitations, and future work.",research_paper
InternalAudit_dashboard_export_202409.docx,docx,209,1063,2,google_drive,"Document received through automated ingestion. The content includes names, dates, numeric values, approval notes, and references to supporting materials. Some pages contain scanned tables and handwritten annotations.",report
Finance_VertexCapital_consolidated_2026.xlsx,xlsx,288,1401,5,api_ingestion,"Accounting workbook extracted from ERP. Sheets include trial balance, profit and loss, balance sheet, cash flow, tax adjustments, depreciation, accruals, and reconciliation comments.",financial_statement
OCRPostCorrection_preprint_v3_2025.pdf,pdf,1676,15734,13,sharepoint,"Technical manuscript about ComputerVision. The document describes motivation, related work, dataset construction, method design, experiments, results, limitations, and future work.",research_paper
Finance_attachment_2026_882094.pdf,pdf,827,7846,8,sharepoint,"Study draft. Sections include introduction, problem setting, baseline models, evaluation protocol, ablation analysis, error cases, discussion, references, and appendix tables.",research_paper
client_LotusAnalytics_370038_review.pdf,pdf,137,388,1,ocr_scanner,"Prepared for internal review. The attached information summarizes key records, responsible owners, dates, comments, and follow-up actions. Some tables may require manual validation before being loaded into the data platform.",invoice
CustomerChurn_review_pack_v3.pdf,pdf,989,4236,9,sharepoint,"Vendor onboarding document. Contains commercial terms, service levels, approval workflow, contact points, and conditions for cancellation or extension. Several clauses refer to appendices and supporting schedules.",contract
TranBaoNgoc_DataEngineer_CV.docx,docx,344,2491,3,google_drive,"Document received through automated ingestion. The content includes names, dates, numeric values, approval notes, and references to supporting materials. Some pages contain scanned tables and handwritten annotations.",resume
InternalControl_Forecasting_2026.docx,docx,863,5014,8,email_attachment,"Company control standard. Applies to employees, contractors, systems, records, and third-party services. Includes review frequency, owner, effective date, and change history.",policy_document
SalesDashboard_review_pack_v3.tex,tex,14,11684,7,email_attachment,"Research note prepared for submission. It compares several methods using accuracy, macro F1, retrieval quality, latency, and robustness under noisy extraction conditions.",research_paper
AsterFoods_CloudNine_MSA_2026_signed.pdf,pdf,1553,5551,10,sharepoint,"Vendor onboarding document. Contains commercial terms, service levels, approval workflow, contact points, and conditions for cancellation or extension. Several clauses refer to appendices and supporting schedules.",contract
client_AcmeCorp_992333_draft.pdf,pdf,465,2831,2,google_drive,"VoNgocMai. Candidate profile for DataEngineer. Contact information, summary, work history, education, technical skills, projects, certifications, and references are listed.",resume
IT_attachment_2024_362854.pdf,pdf,997,2096,4,streamlit_upload,"Legal review copy. Sections include scope, obligations, payment schedule, ownership of work products, privacy requirements, support terms, warranties, change requests, and signature blocks.",contract
VoThanhDat_QAEngineer_CV.pdf,pdf,213,598,1,ocr_scanner,"Recruiting attachment from HR workflow. Contains employment history, academic background, project descriptions, achievements, tools used, expected role, and availability information.",resume
Finance_SalesDashboard_202305.pdf,pdf,11351,46150,37,email_attachment,Please review the attached document and confirm whether the extracted information matches the original source. Several fields may be incomplete because the file was converted from a scanned copy.,report
CustomerChurn_review_pack_v3.docx,docx,182,753,1,api_ingestion,"Recruiting attachment from HR workflow. Contains employment history, academic background, project descriptions, achievements, tools used, expected role, and availability information.",resume
Legal_OrchidHealth_draft_202602.pdf,pdf,1019,2353,6,api_ingestion,"Legal review copy. Sections include scope, obligations, payment schedule, ownership of work products, privacy requirements, support terms, warranties, change requests, and signature blocks.",contract
CustomerSuccess_SOP_202308.pdf,pdf,1743,10855,7,email_attachment,"Operating procedure maintained by Admin. The document describes required controls, roles, escalation path, documentation standards, training expectations, and consequences for non-compliance.",policy_document
Security_procedure_2024_approved.txt,txt,2,3972,6,email_attachment,"Document received through automated ingestion. The content includes names, dates, numeric values, approval notes, and references to supporting materials. Some pages contain scanned tables and handwritten annotations.",policy_document
SalesDashboard_review_pack_v3.docx,docx,106,1157,2,sharepoint,"Recruiting attachment from HR workflow. Contains employment history, academic background, project descriptions, achievements, tools used, expected role, and availability information.",resume
EastBridge_FY2022_Q4_financials.xlsx,xlsx,3818,32937,53,sharepoint,"[OCR low confidence] BrightlneGroup financ clse package. Revenue 5,491,857.59, operating expenses 2,284,054.90, assets, liabilities, cash movement, receivables, payables, and equity balances are included with notes.",financial_statement
AcmeCorp_FY2021_Q3_financials.docx,docx,479,9919,13,erp_export,"Quarterly financial review. Tables show revenue by business unit, cost of sales, payroll expense, inventory movement, bank balance, outstanding receivables, and management adjustments.",financial_statement
HuynhQuocSang_HRIntern_2021_application.pdf,pdf,278,1968,2,google_drive,"Applicant document. Experience includes data cleaning, dashboard preparation, API integration, documentation, stakeholder communication, and team collaboration. Skills include Python, SQL, Excel, Git, and reporting tools.",resume
Compliance_WarehouseOps_202508.pdf,pdf,1487,4043,7,preprint_server,"Research note prepared for submission. It compares several methods using accuracy, macro F1, retrieval quality, latency, and robustness under noisy extraction conditions.",research_paper
upload_202507_381673.pdf,pdf,1185,3964,7,legal_dms,"Vendor onboarding document. Contains commercial terms, service levels, approval workflow, contact points, and conditions for cancellation or extension. Several clauses refer to appendices and supporting schedules.",contract
Strategy_attachment_2024_960859.pdf,pdf,785,25861,21,sharepoint,"Legal review copy. Sections include scope, obligations, payment schedule, ownership of work products, privacy requirements, support terms, warranties, change requests, and signature blocks.",contract
Product_RiskMonitoring_202610.pptx,pptx,23310,40873,28,powerbi_export,"Business review pack. Contains charts, operational notes, customer segment analysis, revenue movement, issue summary, recommendations, and follow-up actions for leadership review.",report
InternalAudit_review_pack_v2.pdf,pdf,6341,22056,28,excel_upload,"Quarterly financial review. Tables show revenue by business unit, cost of sales, payroll expense, inventory movement, bank balance, outstanding receivables, and management adjustments.",financial_statement
Research_attachment_2024_527533.docx,docx,439,3345,6,sharepoint,"Monthly performance summary prepared by Admin. Includes source data notes, metric definitions, trend observations, varia ... [extraction truncated]",report
Accountant_VuThanhLam_profile.pdf,pdf,446,1577,2,google_drive,"Recruiting attachment from HR workflow. Contains employment history, academic background, project descriptions, achievements, tools used, expected role, and availability information.",resume
client_NovaTech_282952_final.pdf,pdf,1000,3813,5,sharepoint,"Monthly performance summary prepared by CustomerSuccess. Includes source data notes, metric definitions, trend observations, variance explanations, and proposed next steps.",report
DataNest_business_update_Q1_2023.pdf,pdf,371,1090,2,api_ingestion,"RetailForecasting update for CloudNine. The file summarizes current progress, KPI movement, risks, blockers, action items, owners, and next review date. Tables compare this period with the previous baseline.",report
HR_metrics_pack_202101.pdf,pdf,1059,4082,9,ocr_scanner,"Business review pack. Contains charts, operational notes, customer segment analysis, revenue movement, issue summary, recommendations, and follow-up actions for leadership review.",report
LotusAnalytics_monthly_close_202507.pdf,pdf,3885,15839,15,finance_portal,"Accounting workbook extracted from ERP. Sheets include trial balance, profit and loss, balance sheet, cash flow, tax adjustments, depreciation, accruals, and reconciliation comments.",financial_statement
RetailForecasting_vendor_terms_2021_v4.docx,docx,442,7219,6,legal_dms,"Document between CloudNine and NovaTech. It defines service scope, responsibilities, milestones, fees, renewal process, confidentiality, data handling, liability limits, termination, and dispute handling.",contract
Legal_metrics_pack_202509.pdf,pdf,1156,7780,13,google_drive,"Monthly performance summary prepared by Engineering. Includes source data notes, metric definitions, trend observations, variance explanations, and proposed next steps.",report
client_BrightlineGroup_407343_draft.html,html,5,8999,13,sharepoint,"DataPlatform update for AcmeCorp. The file summarizes current progress, KPI movement, risks, blockers, action items, owners, and next review date. Tables compare this period with the previous baseline.",report
Applicant_DangTuanMinh_round3.docx,docx,154,2447,2,sharepoint,"Applicant document. Experience includes data cleaning, dashboard preparation, API integration, documentation, stakeholder communication, and team collaboration. Skills include Python, SQL, Excel, Git, and reporting tools.",resume
MobileApp_Q3_2022_review.xlsx,xlsx,2374,8060,10,powerbi_export,"Business review pack. Contains charts, operational notes, customer segment analysis, revenue movement, issue summary, recommendations, and follow-up actions for leadership review.",report
Strategy_CRMUpgrade_202412.txt,txt,2,4559,8,google_drive,"Prepared for internal review. The attached information summarizes key records, responsible owners, dates, comments, and follow-up actions. Some tables may require manual validation before being loaded into the data platform.",research_paper
upload_202404_842758.txt,txt,3,2152,5,sharepoint,"Business review pack. Contains charts, operational notes, customer segment analysis, revenue movement, issue summary, recommendations, and follow-up actions for leadership review.",report
InternalAudit_review_pack_v5.pdf,pdf,132,860,1,streamlit_upload,"HuynhQuocSang. Candidate profile for HRIntern. Contact information, summary, work history, education, technical skills, projects, certifications, and references are listed.",resume
Admin_attachment_2024_324586.pdf,pdf,570,3089,6,google_drive,"Technical manuscript about OCRPostCorrection. The document describes motivation, related work, dataset construction, method design, experiments, results, limitations, and future work.",research_paper
BlueHarbor_HR_records_2022_06.xlsx,xlsx,1032,6957,9,api_ingestion,"Document received through automated ingestion. The content includes names, dates, numeric values, approval notes, and references to supporting materials. Some pages contain scanned tables and handwritten annotations.",report
VertexCapital_FY2022_Q2_financials.csv,csv,12,8034,16,streamlit_upload,"BrightlineGroup finance close package. Revenue 7,081,331.63, operating expenses 3,032,768.70, assets, liabilities, cash movement, receivables, payables, and equity balances are included with notes.",financial_statement
Compliance_attachment_2025_719945.txt,txt,1,1594,2,streamlit_upload,"Recruiting attachment from HR workflow. Contains employment history, academic background, project descriptions, achievements, tools used, expected role, and availability information.",resume
Product_DataRetention_guideline_v6.docx,docx,735,23933,20,api_ingestion,"Operating procedure maintained by Engineering. The document describes required controls, roles, escalation path, documentation standards, training expectations, and consequences for non-compliance.",policy_document
AsterFoods_business_update_Q4_2024.pdf,pdf,1520,2913,5,email_attachment,"MobileApp update for CloudNine. The file summarizes current progress, KPI movement, risks, blockers, action items, owners, and next review date. Tables compare this period with the previous baseline.",report
InternalControl_DataRetention_2026.pdf,pdf,1700,10460,6,email_attachment,"Operating procedure maintained by Procurement. The document describes required controls, roles, escalation path, documentation standards, training expectations, and consequences for non-compliance.",policy_document
LotusAnalytics_Admin_records_2026_04.xlsx,xlsx,2004,6269,7,google_drive,"This file was uploaded as part of the monthly data collection process. It contains business records, notes, attachments, and operational context used by downstream analytics and reporting modules.",financial_statement
upload_202606_148496.xlsx,xlsx,943,13597,23,ocr_scanner,"Accounting workbook extracted from ERP. Sheets include trial balance, profit and loss, balance sheet, cash flow, tax adjustments, depreciation, accruals, and reconciliation comments.",financial_statement
DangTuanMinh_Accountant_CV.docx,docx,137,1144,1,api_ingestion,"Recruiting attachment from HR workflow. Contains employment history, academic background, project descriptions, achievements, tools used, expected role, and availability information.",resume
client_CloudNine_586256_review.pdf,pdf,612,4551,7,streamlit_upload,"Company control standard. Applies to employees, contractors, systems, records, and third-party services. Includes review frequency, owner, effective date, and ... [extraction truncated]",policy_document
WarehouseOps_review_pack_v6.docx,docx,501,4891,10,email_attachment,"[OCR low confidence] MarketExpansin pdt for BrghtlneGroup. The file summarizes current progress, KPI movement, risks, blockers, action items, owners, and next review date. Tables compare this period with the previous baseline.",report
Ops_attachment_2025_215283.docx,docx,106,888,1,hr_portal,"Applicant document. Experience includes data cleaning, dashboard preparation, API integration, documentation, stakeholder communication, and team collaboration. Skills include Python, SQL, Excel, Git, and reporting tools.",resume
DataNest_BrightlineGroup_service_docs_2024.pdf,pdf,1298,2306,6,legal_dms,"Document between SummitLogistics and EastBridge. It defines service scope, responsibilities, milestones, fees, renewal process, confidentiality, data handling, liability limits, termination, and dispute handling.",contract
upload_202407_66847.pdf,pdf,135,3363,3,ocr_scanner,"Recruiting attachment from HR workflow. Contains employment history, academic background, project descriptions, achievements, tools used, expected role, and availability information.",resume
PacificDigital_payment_request_202305.docx,docx,60,240,1,api_ingestion,"This file was uploaded as part of the monthly data collection process. It contains business records, notes, attachments, and operational context used by downstream analytics and reporting modules.",invoice
Compliance_attachment_2025_126022.xlsx,xlsx,5618,32247,26,email_attachment,"EastBridge finance close package. Revenue 5,380,431.28, operating expenses 1,141,479.41, assets, liabilities, cash movement, receivables, payables, and equity balances are included with notes.",financial_statement
CustomerSuccess_InternalAudit_202212.xlsx,xlsx,1160,2510,5,api_ingestion,"Prepared for internal review. The attached information summarizes key records, responsible owners, dates, comments, and follow-up actions. Some tables may require manual validation before being loaded into the data platform.",financial_statement
VertexCapital_Finance_records_2024_11.pdf,pdf,506,4647,8,ocr_scanner,"Document between OrchidHealth and RiverstoneLabs. It defines service scope, responsibilities, milestones, fees, renewal process, confidentiality, data handling, liability limits, termination, and dispute handling.",contract
Sales_VendorMigration_202601.docx,docx,400,8422,8,sharepoint,"Company control standard. Applies to employees, contractors, systems, records, and third-party services. Includes review frequency, owner, effective date, and change history.",policy_document
SummitLogistics_GreenfieldMFG_service_docs_2024.docx,docx,640,14737,16,ocr_scanner,"Legal review copy. Sections include scope, obligations, payment schedule, ownership of work products, privacy requirements, support terms, warranties, change requests, and signature blocks.",contract
Research_RetailForecasting_202607.pdf,pdf,1763,6158,16,powerbi_export,"Monthly performance summary prepared by IT. Includes source data notes, metric definitions, trend observations, variance explanations, and proposed next steps.",report
upload_202404_123412.pdf,pdf,717,3024,4,streamlit_upload,"Legal review copy. Sections include scope, obligations, payment schedule, ownership of work products, privacy requirements, support terms, warranties, change requests, and signature blocks.",contract
CRMUpgrade_review_pack_v4.pdf,pdf,1591,5096,11,google_drive,"Legal review copy. Sections include scope, obligations, payment schedule, ownership of work products, privacy requirements, support terms, warranties, change requests, and signature  ... [extraction truncated]",contract
DataRetention_procedure_2023_draft.docx,docx,781,14144,11,api_ingestion,Please review the attached document and confirm whether the extracted information matches the original source. Several fields may be incomplete because the file was converted from a scanned copy.,policy_document
upload_202302_712373.txt,txt,6,3711,9,google_drive,"Internal guideline for remote work. Defines purpose, scope, responsibilities, approval steps, exceptions, audit evidence, and review cycle.",policy_document
Finance_RiverstoneLabs_consolidated_2022.pdf,pdf,4362,16303,21,google_drive,"[OCR low confidence] Qurterly finncial rview. Tables show revenue by business unit, cost of sales, payroll expense, inventory movement, bank balance, outstanding receivables, and management adjustments.",financial_statement
PacificDigital_business_update_Q2_2023.pdf,pdf,1177,14731,16,email_attachment,"Prepared for internal review. The attached information summarizes key records, responsible owners, dates, comments, and follow-up actions. Some tables may require manual validation before being loaded into the data platform.",report
upload_202401_251750.xlsx,xlsx,5371,11034,26,streamlit_upload,"GreenfieldMFG finance close package. Revenue 6,604,717.10, operating expenses 1,886,115.72, assets, liabilities, cash movement, receivables, payables, and equity balances are included with notes.",financial_statement
client_MekongRetail_848728_review.pdf,pdf,186,514,2,api_ingestion,"Billing document received for processing. The first page contains recipient information, reference number, service period, payment instructions, and bank details. Some line items were extracted from a scanned table.",invoice
BlueHarbor_DataNest_MSA_2024_approved.pdf,pdf,1218,6798,9,google_drive,"Vendor onboarding document. Contains commercial terms, service levels, approval workflow, contact points, and conditions for cancellation or extension. Several clauses refer to appendices and supporting schedules.",contract
BusinessAnalyst_TranHoangNam_profile.pdf,pdf,355,1134,2,ats_upload,"Applicant document. Experience includes data cleaning, dashboard preparation, API integration, documentation, stakeholder communication, and team collaboration. Skills include Python, SQL, Excel, Git, and reporting tools.",resume
MekongRetail_monthly_close_202208.pdf,pdf,4399,9691,16,api_ingestion,"RiverstoneLabs finance close package. Revenue 3,478,008.82, operating expenses 1,377,468.19, assets, liabilities, cash movement, receivables, payables, and equity balances are included with notes.",financial_statement
IT_SalesDashboard_202206.docx,docx,138,3343,2,legal_dms,Please review the attached document and confirm whether the extracted information matches the original source. Several fields may be incomplete because the file was co ... [extraction truncated],contract
CustomerSuccess_DocumentAI_guideline_v5.txt,txt,3,4884,4,api_ingestion,"Operating procedure maintained by Compliance. The document describes required controls, roles, escalation path, documentation standards, training expectations, and consequences for non-compliance.",policy_document
SalesDashboard_review_pack_v6.pdf,pdf,1815,5626,10,api_ingestion,"Business review pack. Contains charts, operational notes, customer segment analysis, revenue movement, issue summary, recommendations, and follow-up actions for leadership review.",report
CloudNine_Finance_records_2024_04.pdf,pdf,629,3396,8,ocr_scanner,"Operating procedure maintained by Strategy. The document describes required controls, roles, escalation path, documentation standards, training expectations, and consequences for non-compliance.",policy_document
IT_attachment_2021_393432.pdf,pdf,495,12599,7,ocr_scanner,"Study draft. Sections include introduction, problem setting, baseline models, evaluation protocol, ablation analysis, error cases, discussion, references, and appendix tables.",research_paper
BlueHarbor_RiverstoneLabs_MSA_2026_approved.html,html,19,22587,23,email_attachment,"Legal review copy. Sections include scope, obligations, payment schedule, ownership of work products, privacy requirements, support terms, warranties, change re ... [extraction truncated]",contract
Forecasting_procedure_2025_pending.html,html,1,3052,6,intranet_cms,"Operating procedure maintained by Admin. The document describes required controls, roles, escalation path, documentation standards, training expectations, and consequences for non-compliance.",policy_document
Finance_RevenueOptimization_202206.pdf,pdf,1555,4320,9,email_attachment,"This file was uploaded as part of the monthly data collection process. It contains business records, notes, attachments, and operational context used by downstream analytics and reporting modules.",contract
OrchidHealth_Strategy_records_2022_02.docx,docx,744,4385,6,streamlit_upload,"Operating procedure maintained by Strategy. The document describes required controls, roles, escalation path, documentation standards, training expectations, and consequences for non-compliance.",policy_document
Engineering_attachment_2026_316037.xlsx,xlsx,1103,2826,5,sharepoint,"Business review pack. Contains charts, operational notes, customer segment analysis, revenue movement, issue summary, recommendations, and follow-up actions for leadership review.",report
upload_202202_903792.pdf,pdf,441,738,2,google_drive,Please review the attached document and confirm whether the extracted information matches the original source. Several fields may be incomplete because the file was converted from a scanned copy.,resume
client_PacificDigital_776388_final.png,png,326,414,2,erp_export,"Billing document received for processing. The first page contains recipient information, reference number, service period, payment instructions, and bank details. Some line items were extracted from a scanned table.",invoice
DocumentAI_procedure_2023_final.html,html,7,12944,16,google_drive,"This file was uploaded as part of the monthly data collection process. It contains business records, notes, attachments, and operational context used by downstream analytics and reporting modules.",policy_document
Dell_202409_Bill_66225.jpg,jpg,2334,1373,2,sharepoint,"[OCR low confidence] Bllng docment rcevd for processing. The first page contains recipient information, reference number, service period, payment instructions, and bank details. Some line items were extracted from a scanned table.",invoice
Vu_Forecasting_draft_v6.pdf,pdf,1770,9402,11,email_attachment,"Research note prepared for submission. It compares several methods using accuracy, macro F1, retrieval quality, latency, and robustness under noisy extraction conditions.",research_paper
Admin_InternalAudit_202108.docx,docx,303,3554,4,sharepoint,"Internal guideline for expense claims. Defines purpose, scope, responsibilities, approval steps, exceptions, audit evidence, and review cycle.",policy_document
Vu_DataRetention_draft_v4.pdf,pdf,2439,12659,10,api_ingestion,"[OCR low confidence] Prpred fr internl rvw. The attached information summarizes key records, responsible owners, dates, comments, and follow-up actions. Some tables may require manual validation before being loaded into the data platform.",research_paper
MobileApp_vendor_terms_2025_v3.pdf,pdf,1498,11846,13,sharepoint,"This file was uploaded as part of the monthly data collection process. It contains business records, notes, attachments, and operational context used by downstream analytics and reporting modules.",contract
Compliance_SOP_202205.txt,txt,4,5506,8,google_drive,"Internal guideline for incident response. Defines purpose, scope, responsibilities, approval steps, exceptions, audit ev ... [extraction truncated]",policy_document
NovaTech_Ops_records_2025_09.docx,docx,621,11967,17,sharepoint,Please review the attached document and confirm whether the extracted information matches the original source. Several fields may be incomplete because the file was converted from a scanned copy.,report
CustomerSuccess_metrics_pack_202602.pptx,pptx,7403,27144,34,sharepoint,"Business review pack. Contains charts, operational notes, customer segment analysis, revenue movement, issue summary, recommendations, and follow-up actions for leadership review.",report
AP_RiverstoneLabs_Microsoft_2025_02.xlsx,xlsx,96,292,1,google_drive,"Document received through automated ingestion. The content includes names, dates, numeric values, approval notes, and references to supporting materials. Some pages contain scanned tables and handwritten annotations.",invoice
CustomerSuccess_attachment_2025_244067.jpg,jpg,14570,12811,14,ocr_scanner,"Document between PacificDigital and GreenfieldMFG. It defines service scope, responsibilities, milestones, fees, renewal process, confidentiality, data handling, liability limits, termination, and dispute handling.",contract
Legal_RetailForecasting_202309.txt,txt,12,14588,9,streamlit_upload,"Research note prepared for submission. It compares several methods using accuracy, macro F1, retrieval quality, latency, and robustness under noisy extraction conditions.",research_paper
HoangQuynhChi_DataEngineer_2024_application.docx,docx,154,663,1,sharepoint,"Applicant document. Experience includes data cleaning, dashboard preparation, API integration, documentation, stakeholder communication, and team collaboration. Skills include Python, SQL, Excel, Git, and reporting tools.",resume
KDD_2024_submission_292130.pdf,pdf,800,10609,8,ocr_scanner,"[OCR low confidence] Resarch note prprd for submisson. It cmpares several methds sing accuracy, macro F1, retrieval quality, latency, and robustness under noisy extraction conditions.",research_paper
SalesDashboard_review_pack_v3.xlsx,xlsx,2030,2739,6,google_drive,"PacificDigital finance close package. Revenue 6,176,391.82, operating expenses 4,875,746.90, assets, liabilities, cash movement, receivables, payables, and equity balances are included with notes.",financial_statement
upload_202307_118691.xlsx,xlsx,415,1514,2,vendor_portal,"Accounts payable entry. Vendor DHL. PO number 834952. The table lists item description, quantity, unit cost, currency, tax code, approver, due date, and payment remarks.",invoice
Security_preprint_v4_2022.pdf,pdf,2007,19217,12,google_drive,"Technical manuscript about RAG. The document describes motivation, related work, dataset construction, method design, experiments, results, limitations, and future work.",research_paper
Forecasting_procedure_2025_draft.txt,txt,10,16551,31,sharepoint,"Document received through automated ingestion. The content includes names, dates, numeric values, approval notes, and references to supporting materials. Some pages contain scanned tables and handwritten annotations.",policy_document
CustomerSuccess_attachment_2025_740101.pdf,pdf,163,181,1,api_ingestion,"Billing document received for processing. The first page contains recipient information, reference number, service period, payment instructions, and bank details. Some line items were extracted from a scanned table.",invoice
HR_attachment_2022_254980.jpg,jpg,707,514,1,api_ingestion,"Supplier record from FPT for EastBridge. Payment reference 31506. Items include software service, delivery, license renewal, or office equipment. Net 10,084.38, tax 504.22, amount payable 10,588.60. Payment status and approval notes are included.",invoice
RiverstoneLabs_IT_records_2022_05.jpg,jpg,1517,338,2,erp_export,"Prepared for internal review. The attached information summarizes key records, responsible owners, dates, comments, and follow-up actions. Some tables may require manual validation before being loaded into the data platform.",invoice
SalesOperations_DangMinhTri_profile.pdf,pdf,181,699,1,sharepoint,"DoanAnhKhoa. Candidate profile for SalesOperations. Contact information, summary, work history, education, technical skills, projects, certifications, and references are listed.",resume
client_CloudNine_526362_pending.docx,docx,1518,10215,12,api_ingestion,"Vendor onboarding document. Contains commercial terms, service levels, approval workflow, contact points, and conditions for cancellation or extension. Several clauses refer to appendices and supporting schedules.",contract
Security_procedure_2023_draft.pdf,pdf,555,1267,2,email_attachment,"Internal guideline for remote work. Defines purpose, scope, responsibilities, approval steps, exceptions, audit evidence, and review cycle.",policy_document
client_GreenfieldMFG_507601_final.docx,docx,44,1126,1,api_ingestion,"NguyenVanAn. Candidate profile for DataAnalyst. Contact information, summary, work history, education, technical skills, projects, certifications, and references are listed.",resume
Security_preprint_v3_2023.tex,tex,6,11044,10,google_drive,"Study draft. Sections include introduction, problem setting, baseline models, evaluation protocol, ablation analysis, error cases, discussion, references, and appendix tables.",research_paper
Sales_metrics_pack_202311.docx,docx,578,1984,3,sharepoint,"Monthly performance summary prepared by IT. Includes source data notes, metric definitions, trend observations, variance explanations, and proposed next steps.",report
PhamGiaBao_ProjectCoordinator_2024_application.docx,docx,126,421,1,ats_upload,"Recruiting attachment from HR workflow. Contains employment history, academic background, project descriptions, achievements, tools used, expected role, and availability information.",resume
Legal_attachment_2024_74541.docx,docx,48,497,1,google_drive,"Recruiting attachment from HR workflow. Contains employment history, academic background, project descriptions, achievements, tools used, expected role, and availability information.",resume
Sales_WarehouseOps_202406.pdf,pdf,3177,28998,20,ocr_scanner,"[OCR low confidence] Study draft. Sctons inclde ntrodction, problem setting, baseline models, evaluation protocol, ablation analysis, error cases, discussion, references, and appendix tables.",research_paper
client_PacificDigital_212597_final.pdf,pdf,1126,7953,7,ocr_scanner,"Research note prepared for submission. It compares several methods using accuracy, macro F1, retrieval quality, latency, and robustness under noisy extraction conditions.",research_paper
CRMUpgrade_vendor_terms_2024_v3.pdf,pdf,229,1693,2,api_ingestion,"[OCR low confidence] Dcumnt btwn RvrstneLabs nd GrnfldMFG. It dfnes service scope, responsibilities, milestones, fees, renewal process, confidentiality, data handling, liability limits, termination, and dispute handling.",contract
WarehouseOps_vendor_terms_2026_v2.docx,docx,446,23214,22,sharepoint,"Document between EastBridge and CloudNine. It defines service scope, responsibilities, milestones, fees, renewal process, confidentiality, data handling, liability limits, termination, and dispute handling.",contract
Finance_attachment_2025_865731.pdf,pdf,158,573,1,ocr_scanner,"PhanDucMinh. Candidate profile for MarketingExecutive. Contact information, summary, work history, education, technical skills, projects, certifications, and references are listed.",resume
InternalAudit_Q3_2021_review.docx,docx,1310,12205,10,sharepoint,"Monthly performance summary prepared by HR. Includes source data notes, metric definitions, trend observations, variance explanations, and proposed next steps.",report
AWS_202210_Bill_294237.xlsx,xlsx,300,542,1,email_attachment,Please review the attached document and confirm whether the extracted information matches the original source. Several fields may be incomplete because the file was converted from a scanned copy.,invoice
PacificDigital_Ops_records_2024_04.pdf,pdf,645,10838,10,google_drive,"Document between MekongRetail and CloudNine. It defines service scope, responsibilities, milestones, fees, renewal process, confidentiality, data handling, liability limits, termination, and dispute handling.",contract
Engineering_attachment_2023_829213.pdf,pdf,471,7157,6,google_drive,"Study draft. Sections include introduction, problem setting, baseline models, evaluation protocol, ablation analysis, error cases, discussion, references, and appendix tables.",research_paper
LotusAnalytics_monthly_close_202110.html,html,14,23803,30,sharepoint,"CloudNine finance close package. Revenue 1,923,183.44, operating expenses 735,868.41, assets, liabilities, cash movement, receivables, payables, and equity balances are included with notes.",financial_statement
Admin_InternalAudit_202209.pdf,pdf,1149,4590,3,email_attachment,Please review the attached document and confirm whether the extracted information matches the original source. Several fields may be incomple ... [extraction truncated],contract
SummitLogistics_business_update_Q2_2024.pdf,pdf,1607,3398,11,email_attachment,"Business review pack. Contains charts, operational notes, customer segment analysis, revenue movement, issue summary, recommendations, and follow-up actions for leadership review.",report
HR_attachment_2023_25088.xlsx,xlsx,461,4650,4,powerbi_export,"Business review pack. Contains charts, operational notes, customer segment analysis, revenue movement, issue summary, recommendations, and follow-up actions for leadership review.",report
OrchidHealth_Research_records_2026_10.docx,docx,136,1109,2,ats_upload,Please review the attached document and confirm whether the extracted information matches the original source. Several fields may be incomplete because the file was converted from a scanned copy.,resume
DataPlatform_Q4_2025_review.pdf,pdf,2621,12225,19,google_drive,"Monthly performance summary prepared by IT. Includes source data notes, metric definitions, trend observations, variance explanations, and proposed next steps.",report
client_PacificDigital_926260_review.pdf,pdf,3097,37508,60,google_drive,"[OCR low confidence] Accounting wrkbok xtrctd frm ERP. Shts nclude tril balance, profit and loss, balance sheet, cash flow, tax adjustments, depreciation, accruals, and reconciliation comments.",financial_statement
VertexCapital_VertexCapital_MSA_2023_final.pdf,pdf,233,5241,4,email_attachment,"Legal review copy. Sections include scope, obligations, payment schedule, ownership of work products, privacy requirements, support terms, warranties, change requests, and signature blocks.",contract
client_LotusAnalytics_656557_approved.pptx,pptx,29299,28440,19,sharepoint,"RiskMonitoring update for BrightlineGroup. The file summarizes current progress, KPI movement, risks, blockers, action items, owners, and next review date. Tables compare this period with the previous baseline.",report
upload_202512_994569.pdf,pdf,1989,11319,14,ocr_scanner,"Document between SummitLogistics and GreenfieldMFG. It defines service scope, responsibilities, milestones, fees, renewal process, confidentiality, data handling, liability limits, termination, and dispute handling.",contract
DataNest_IT_records_2024_06.docx,docx,442,4417,15,sharepoint,"Company control standard. Applies to employees, contractors, systems, records, and third-party services. Includes review frequency, owner, effective date, and change history.",policy_document
Research_RiskMonitoring_202511.docx,docx,187,2487,2,email_attachment,"Applicant document. Experience includes data cleaning, dashboard preparation, API integration, documentation, stakeholder communication, and team collaboration. Skills include Python, SQL, Excel, Git, and reporting tools.",resume
CRMUpgrade_review_pack_v3_492.docx,docx,2209,8957,10,ocr_scanner,"Operating procedure maintained by Ops. The document describes required controls, roles, escalation path, documentation standards, training expectations, and consequences for non-compliance.",policy_document
DocumentAI_review_pack_v4.jpg,jpg,4700,5531,9,google_drive,"Document between SummitLogistics and RiverstoneLabs. It defines service scope, responsibilities, milestones, fees, renewal process, confidentiality, data handling, liability limits, termination, and dispute handling.",contract
AcmeCorp_RiverstoneLabs_MSA_2022_final.pdf,pdf,215,4713,3,email_attachment,"Document between EastBridge and CloudNine. It defines service scope, responsibilities, milestones, fees, renewal process, confidentiality, data handling, liability limits, termination, and dispute handling.",contract
Ops_attachment_2022_836105.jpg,jpg,1388,1157,2,ocr_scanner,"This file was uploaded as part of the monthly data collection process. It contains business records, notes, attachments, and operational context used by downstream analytics and reporting modules.",invoice
upload_202201_272884.docx,docx,369,5061,5,streamlit_upload,"Vendor onboarding document. Contains commercial terms, service levels, approval workflow, contact points, and conditions for cancellation or extension. Several clauses refer to appendices and supporting schedules.",contract
EastBridge_trial_balance_2024_02.pdf,pdf,1387,11053,18,sharepoint,"Accounting workbook extracted from ERP. Sheets include trial balance, profit and loss, balance sheet, cash flow, tax adjustments, depreciation, accruals, and reconciliation comments.",financial_statement
ProcurementFlow_vendor_terms_2025_v6.docx,docx,396,11198,6,google_drive,Please review the attached document and confirm whether the extracted information matches the original source. Several fields may be incomplete because the file was converted from a scanned copy.,contract
CRMUpgrade_review_pack_v3.docx,docx,910,10889,11,email_attachment,"[OCR low confidence] Lgl rviw cpy. Sctons incld scop, oblgations, payment schedule, ownership of work products, privacy requirements, support terms, warranties, change requests, and signature blocks.",contract
Sales_InternalAudit_202412.pdf,pdf,3369,11084,23,crm_export,"Legal review copy. Sections include scope, obligations, payment schedule, ownership of work products, privacy requirements, support terms, warranties, change requests, and signature blocks.",contract
Ops_RetailForecasting_202403.pdf,pdf,71,398,1,email_attachment,"Billing document received for processing. The first page contains recipient information, reference number, service period, payment instructions, and bank details. Some line items were extracted from a scanned table.",invoice
LotusAnalytics_trial_balance_2023_01.xlsx,xlsx,2359,5481,9,google_drive,"Accounting workbook extracted from ERP. Sheets include trial balance, profit and loss, balance sheet, cash flow, tax adjustments, depreciation, accruals, and reconciliation comments.",financial_statement
Sales_attachment_2023_463012.docx,docx,1264,8603,6,google_drive,"Operating procedure maintained by Strategy. The document describes required controls, roles, escalation path, documentation standards, training expectations, and consequences for non-compliance.",policy_document
MarketingExecutive_TranBaoNgoc_profile.pdf,pdf,135,1072,1,streamlit_upload,"Applicant document. Experience includes data cleaning, dashboard preparation, API integration, documentation, stakeholder communication, and team collaboration. ... [extraction truncated]",resume
CVPR_2022_submission_642229.pdf,pdf,2107,6626,9,streamlit_upload,"Study draft. Sections include introduction, problem setting, baseline models, evaluation protocol, ablation analysis, error cases, discussion, references, and appendix tables.",research_paper
BlueHarbor_FY2023_Q1_financials.xlsx,xlsx,7129,18411,39,erp_export,"This file was uploaded as part of the monthly data collection process. It contains business records, notes, attachments, and operational context used by downstream analytics and reporting modules.",financial_statement
BrightlineGroup_Engineering_records_2026_01.pdf,pdf,2040,3723,6,sharepoint,"Technical manuscript about OCRPostCorrection. The document describes motivation, related work, dataset construction, method design, experiments, r ... [extraction truncated]",research_paper
Forecasting_technical_note_2026.tex,tex,12,17298,9,sharepoint,"Research note prepared for submission. It compares several methods using accuracy, macro F1, retrieval quality, latency, and robustness under noisy extraction conditions.",research_paper
QAEngineer_DoanAnhKhoa_profile.docx,docx,15,516,1,email_attachment,"Applicant document. Experience includes data cleaning, dashboard preparation, API integration, documentation, stakeholder communication, and team collaboration. Skills include Python, SQL, Excel, Git, and reporting tools.",resume
Legal_CRMUpgrade_202410.xlsx,xlsx,2755,21550,17,crm_export,"[OCR low confidence] Monthly prfrmnce summry prepared by Admin. Includes source data notes, metric definitions, trend observations, variance explanations, and proposed next steps.",report
Finance_attachment_2023_636651.png,png,508,276,2,streamlit_upload,"Accounts payable entry. Vendor VNPT. PO number 638726. The table lists item description, quantity, unit cost, currency, tax code, approver, due date, and payment remarks.",invoice
RetailForecasting_vendor_terms_2025_v5.docx,docx,955,8208,9,streamlit_upload,"Document between AcmeCorp and SummitLogistics. It defines service scope, responsibilities, milestones, fees, renewal process, confidentiality, data handling, liability limits, termination, and dispute handling.",contract
RevenueOptimization_review_pack_v6.docx,docx,276,1225,2,email_attachment,"Internal guideline for data retention. Defines purpose, scope, responsibilities, approval steps, exceptions, audit evidence, and review cycle.",policy_document
client_AcmeCorp_147240_final.txt,txt,4,7406,8,google_drive,"Document between VertexCapital and BrightlineGroup. It defines service scope, responsibilities, milestones, fees, renewal process, confidentiality, data handling, liability limits, termination, and dispute handling.",contract
HR_metrics_pack_202302.docx,docx,935,3022,7,ocr_scanner,"Monthly performance summary prepared by Product. Includes source data notes, metric definitions, trend observations, variance explanations, and proposed next steps.",report
DocumentAI_Q4_2025_review.xlsx,xlsx,1550,11525,22,email_attachment,"Monthly performance summary prepared by Research. Includes source data notes, metric definitions, trend observations, variance explanations, and proposed next steps.",report
SalesDashboard_review_pack_v1.docx,docx,126,5181,5,sharepoint,"Internal guideline for vendor risk. Defines purpose, scope, responsibilities, approval steps, exceptions, audit evidence, and review cycle.",policy_document
client_AcmeCorp_959865_pending.pdf,pdf,629,5456,5,streamlit_upload,"Vendor onboarding document. Contains commercial terms, service levels, approval workflow, contact points, and conditions for cancellation or extension. Several clauses refer to appendices and supporting schedules.",contract
RevenueOptimization_Q4_2024_review.docx,docx,1294,3572,7,sharepoint,"RiskMonitoring update for AcmeCorp. The file summarizes current progress, KPI movement, risks, blockers, action items, owners, and next review date. Tables compare this period with the previous baseline.",report
RevenueOptimization_Q4_2022_review.pdf,pdf,1959,6032,7,powerbi_export,"Business review pack. Contains charts, operational notes, customer segment analysis, revenue movement, issue summary, recommendations, and follow-up actions for leadership review.",report
ACL_2023_submission_781237.pdf,pdf,2171,12145,6,preprint_server,"Prepared for internal review. The attached information summarizes key records, responsible owners, dates, comments, and follow-up actions. Some tables may require manual validation before being loaded into the data platform.",research_paper
ACL_2021_submission_136202.pdf,pdf,1302,20632,10,sharepoint,"Research note prepared for submission. It compares several methods using accuracy, macro F1, retrieval quality, latency, and rob ... [extraction truncated]",research_paper
InternalControl_AccessControl_2025.pdf,pdf,1030,5302,5,sharepoint,"Operating procedure maintained by HR. The document describes required controls, roles, escalation path, documentation standards, training expectations, and consequences for non-compl ... [extraction truncated]",policy_document
MobileApp_review_pack_v6.docx,docx,326,1142,2,google_drive,"BuiKhanhLinh. Candidate profile for DataEngineer. Contact information, summary, work history, education, technical skills, projects, certifications, and references are listed.",resume
Forecasting_technical_note_2021.docx,docx,1406,7737,20,sharepoint,"[OCR low confidence] Ths fl ws pldd s part f th monthly dta collection process. It contains business records, notes, attachments, and operational context used by downstream analytics and reporting modules.",research_paper
Applicant_PhamGiaBao_round3.pdf,pdf,408,3466,4,ats_upload,"Applicant document. Experience includes data cleaning, dashboard preparation, API integration, documentation, stakeholder communication, and team collaboration. Skills include Python, SQL, Excel, Git, and reporting tools.",resume
RiverstoneLabs_FY2021_Q3_financials.xlsx,xlsx,258,1694,2,sharepoint,"Quarterly financial review. Tables show revenue by business unit, cost of sales, payroll expense, inventory movement, bank balance, outstanding receivables, and management adjustments.",financial_statement
Admin_VendorMigration_202101.html,html,3,3381,10,email_attachment,"Internal guideline for vendor risk. Defines purpose, scope, responsibilities, approval steps, exceptions, audit evidence, and review cycle.",policy_document
OrchidHealth_payment_request_202505.pdf,pdf,138,377,1,ocr_scanner,"Supplier record from Microsoft for AsterFoods. Payment reference 95660. Items include software service, delivery, license renewal, or office equipment. Net 21,182.67, tax 0.00, amount payable 21,182.67. Payment status and approval notes are included.",invoice
TranHoangNam_FrontendDeveloper_CV.docx,docx,128,694,2,email_attachment,"Recruiting attachment from HR workflow. Contains employment history, academic background, project descriptions, achievements, tools used, expected role, and availability information.",resume
VendorRisk_technical_note_2024.docx,docx,1438,3640,10,google_drive,"[OCR low confidence] Resrch not prepared fr sbmssn. It compars several methods using accuracy, macro F1, retrieval quality, latency, and robustness under noisy extraction conditions.",research_paper
DataNest_EastBridge_service_docs_2024.pdf,pdf,110,1510,2,legal_dms,"Prepared for internal review. The attached information summarizes key records, responsible owners, dates, comments, and follow-up actions. Some tables may require manual validation before being loaded into the data platform.",contract
Legal_DocumentAI_guideline_v3.html,html,16,13745,23,hr_portal,"Internal guideline for incident response. Defines purpose, scope, responsibilities, approval steps, exceptions, audit evidence, and review cycle.",policy_document
Finance_CustomerAnalytics_guideline_v5.docx,docx,315,882,2,api_ingestion,"Operating procedure maintained by Compliance. The document describes required controls, roles, escalation path, documentation standards, training expectations, and consequences for non-compliance.",policy_document
BlueHarbor_business_update_Q3_2025.xlsx,xlsx,315,1693,2,streamlit_upload,"DataPlatform update for BlueHarbor. The file summarizes current progress, KPI movement, risks, blockers, action items, owners, and next review date.  ... [extraction truncated]",report
SalesDashboard_dashboard_export_202105.pdf,pdf,3898,14484,15,email_attachment,"Document received through automated ingestion. The content includes names, dates, numeric values, approval notes, and references to supporting materials. Some pages contain  ... [extraction truncated]",report
Security_technical_note_2021.html,html,5,9401,5,streamlit_upload,"Research note prepared for submission. It compares several methods using accuracy, macro F1, retrieval quality, latency, and robustness under noisy extraction conditions.",research_paper
MobileApp_review_pack_v4.pdf,pdf,305,1540,2,ocr_scanner,"Internal guideline for expense claims. Defines purpose, scope, responsibilities, approval steps, exceptions, audit evidence, and review cycle.",policy_document
RiskMonitoring_vendor_terms_2022_v4.pdf,pdf,2108,6530,10,ocr_scanner,"Document between LotusAnalytics and CloudNine. It defines service scope, responsibilities, milestones, fees, renewal proce ... [extraction truncated]",contract
Finance_PacificDigital_consolidated_2026.txt,txt,21,27154,24,sharepoint,"CloudNine finance close package. Revenue 5,264,672.01, operating expenses 1,009,714.98, assets, liabilities, cash movement, receivables, payables, and equity balances are included with notes.",financial_statement
MobileApp_review_pack_v1.pdf,pdf,45,221,1,sharepoint,"[OCR low confidence] Acconts pyble entry. Vndor OffcePro. PO nmbr 242596. The tabl lsts item dscription, quantity, unit cost, currency, tax code, approver, due date, and payment remarks.",invoice
Admin_attachment_2021_552422.pdf,pdf,394,4215,6,google_drive,"Study draft. Sections include introduction, problem setting, baseline models, evaluation protocol, ablation analysis, error cases, discussion, references, and appendix tables.",research_paper
client_PacificDigital_549903_draft.pptx,pptx,16991,7712,14,sharepoint,"ProcurementFlow update for GreenfieldMFG. The file summarizes current progress, KPI movement, risks, blockers, action items, owners, and next review date. Tables compare this period with the previous baseline.",report
CRMUpgrade_review_pack_v5.docx,docx,1893,4052,9,intranet_cms,"Operating procedure maintained by Sales. The document describes required controls, roles, escalation path, documentation standards, training expectations, and consequences for non-compliance.",policy_document
PacificDigital_Compliance_records_2025_09.xlsx,xlsx,7749,13212,25,sharepoint,"Accounting workbook extracted from ERP. Sheets include trial balance, profit and loss, balance sheet, cash flow, tax adjustments, depreciation, accruals, and reconciliation comments.",financial_statement
upload_202511_992020.docx,docx,302,824,2,api_ingestion,"Applicant document. Experience includes data cleaning, dashboard preparation, API integration, documentation, stakeholder communication, and team collaboration. Skills include Python, SQL, Excel, Git, and reporting tools.",resume
AP_MekongRetail_DHL_2026_06.jpg,jpg,1347,882,3,sharepoint,"This file was uploaded as part of the monthly data collection process. It contains business records, notes, attachments, and operational context used by downstream analytics and reporting modules.",invoice
Research_attachment_2021_282023.docx,docx,410,3340,2,api_ingestion,"Document received through automated ingestion. The content includes names, dates, numeric values, approval notes, and references to supporting materials. Some pages contain scanned tables and han ... [extraction truncated]",contract
Research_attachment_2024_730620.pdf,pdf,759,4017,4,preprint_server,"Document received through automated ingestion. The content includes names, dates, numeric values, approval notes, and references to supporting materials. Some pages contain scanned tables and handwritten annotations.",research_paper
AsterFoods_monthly_close_202212.xlsx,xlsx,2184,5130,12,erp_export,"Quarterly financial review. Tables show revenue by business unit, cost of sales, payroll expense, inventory movement, bank balance, outstanding receivables, and management adjustments.",financial_statement
DataPlatform_review_pack_v5.docx,docx,380,2059,2,api_ingestion,"DangTuanMinh. Candidate profile for SoftwareEngineer. Contact information, summary, work history, education, technical skills, projects, certifications, and references are listed.",resume
LotusAnalytics_Finance_records_2022_12.pdf,pdf,367,764,2,sharepoint,"Billing document received for processing. The first page contains recipient information, reference number, service period, payment instructions, and bank details. Some line items were extracted from a scanned table.",invoice
client_AsterFoods_510241_review.docx,docx,716,12703,9,sharepoint,"Study draft. Sections include introduction, problem setting, baseline models, evaluation protocol, ablation analysis, error cases, discussion, references, and appendix tables.",research_paper
ProcurementFlow_Q4_2025_review.docx,docx,1069,16180,12,google_drive,"DataPlatform update for AcmeCorp. The file summarizes current progress, KPI movement, risks, blockers, action items, owners, and next review date. Tables compare this period with the previous baseline.",report
PO2835_Slack_supporting-doc.png,png,201,597,1,sharepoint,"[OCR low confidence] Blling docment rcivd for processing. The first page contains recipient information, reference number, service period, payment instructions, and bank details. Some line items were extracted from a scanned table.",invoice
HR_metrics_pack_202211.pptx,pptx,23157,6366,14,sharepoint,"Business review pack. Contains charts, operational notes, customer segment analysis, revenue movement, issue summary, recommendations, and follow-up actions for leadership review.",report
Legal_VendorMigration_202511.pdf,pdf,833,10325,7,streamlit_upload,"Document between MekongRetail and GreenfieldMFG. It defines service scope, responsibilities, milestones, fees, renewal process, confid ... [extraction truncated]",contract
Finance_VertexCapital_consolidated_2021.xlsx,xlsx,4781,8514,22,api_ingestion,"Quarterly financiaI review. Tables show revenue by business unit, cost of sales, payroll expense, inventory movement, bank balance, outstanding receivables, and management adjustments.",financial_statement
NguyenMinhKhang_SalesOperations_CV.pdf,pdf,40,729,1,ats_upload,"DangMinhTri. Candidate profile for MarketingExecutive. Contact information, summary, work history, education, technical skills, projects, certifications, and references are listed.",resume
OrchidHealth_monthly_close_202101.xlsx,xlsx,5021,17288,26,excel_upload,"Quarterly financial review. Tables show revenue by business unit, cost of sales, payroll expense, inventory movement, bank balance, outstanding receivables, and management adjustments.",financial_statement
Procurement_MobileApp_202405.docx,docx,648,6695,9,google_drive,"Legal review copy. Sections include scope, obligations, payment schedule, ownership of work products, privacy requirements, support terms, warranties, change requests, and signature blocks.",contract
client_BlueHarbor_162283_review.pdf,pdf,1287,5522,5,sharepoint,"Document between RiverstoneLabs and AsterFoods. It defines service scope, responsibilities, milestones, fees, renewal process, confidentiality, data handling, liability limits, termination, and dispute handli ... [extraction truncated]",contract
Atlassian_202310_Bill_151181.jpg,jpg,688,348,1,sharepoint,"Supplier record from Microsoft for EastBridge. Payment reference 72944. Items include software service, delivery, license renewal, or office equipment. Net 358.69, tax 35.87, amount payable 394.56. Payment status and approval notes are included.",invoice
Ops_InternalAudit_202305.txt,txt,6,9954,13,ocr_scanner,"Monthly performance summary prepared by Compliance. Includes source data notes, metric definitions, trend observations, variance explanations, and proposed next steps.",report
Doan_Forecasting_draft_v3.docx,docx,1243,20819,11,google_drive,"Study draft. Sections include introduction, problem setting, baseline models, evaluation protocol, ablation analysis, error cases, discussion, references, and appendix tables.",research_paper
PacificDigital_BlueHarbor_MSA_2025_review.docx,docx,519,5476,9,streamlit_upload,"Legal review copy. Sections include scope, obligations, payment schedule, ownership of work products, privacy requirements, support terms, warranties, change requests, and signature blocks.",contract
client_CloudNine_468812_pending.pdf,pdf,1638,6818,12,legal_dms,"This file was uploaded as part of the monthly data collection process. It contains business records, notes, attachments, and operational context used by downstream analytics and reporting modules.",contract
DataEngineer_NguyenMinhKhang_profile.docx,docx,325,818,2,google_drive,"Recruiting attachment from HR workflow. Contains employment history, academic background, project descriptions, achievements, tools used, expected role, and availability information.",resume
IT_CustomerChurn_202102.png,png,979,233,1,api_ingestion,"Supplier record from Atlassian for AsterFoods. Payment reference 52913. Items include software service, delivery, license renewal, or office equipment. Net 2,639.03, tax 263.90, amount payable 2, ... [extraction truncated]",invoice
client_LotusAnalytics_778987_final.html,html,1,581,1,sharepoint,"NguyenMinhKhang. Candidate profile for DataAnalyst. Contact information, summary, work history, education, technical skills, projects, certifications, and references are listed.",resume
Compliance_CustomerChurn_202507.txt,txt,4,7712,4,academic_repository,"Study draft. Sections include introduction, problem setting, baseline models, evaluation protocol, ablation analysis, error cases, discussion, references, and appendix tables.",research_paper
CustomerAnalytics_procedure_2021_pending.pdf,pdf,1127,3934,5,streamlit_upload,"Internal guideline for expense claims. Defines purpose, scope, responsibilities, approval steps, exceptions, audit evidence, and review cycle.",policy_document
RiverstoneLabs_FY2022_Q3_financials.xlsx,xlsx,7712,26684,52,sharepoint,"Accounting workbook extracted from ERP. Sheets include trial balance, profit and loss, balance sheet, cash flow, tax adjustments, depreciation, accruals, ... [extraction truncated]",financial_statement
DocumentAI_preprint_v1_2022.pdf,pdf,2663,7802,10,sharepoint,"Document received through automated ingestion. The content includes names, dates, numeric values, approval notes, and references to supporting materials. Some  ... [extraction truncated]",research_paper
upload_202611_582036.tex,tex,17,19142,11,google_drive,"Research note prepared for submission. It compares several methods using accuracy, macro F1, retrieval quality, latency, and robustness under noisy extraction conditions.",research_paper
Zoom_202110_Bill_676112.png,png,267,220,1,sharepoint,"This file was uploaded as part of the monthly data collection process. It contains business records, notes, attachments, and operational context used by downstream analytics and reporting m ... [extraction truncated]",invoice
HR_attachment_2021_700300.docx,docx,1798,4750,9,streamlit_upload,"Company control standard. Applies to employees, contractors, systems, records, and third-party services. Includes review frequency, owner, effective date, and change history.",policy_document
upload_202311_50821.pdf,pdf,1567,7691,5,google_drive,"Technical manuscript about DocumentClassification. The document describes motivation, related work, dataset construction, method design, experiments, results, limitations, and future work.",research_paper
Compliance_metrics_pack_202601.xlsx,xlsx,1729,17592,16,api_ingestion,"Prepared for internal review. The attached information summarizes key records, responsible owners, dates, comments, and follow-up actions. Some tables may require manual validation before being loaded into the data platform.",report
Ops_attachment_2022_6861.html,html,8,14232,10,google_drive,"Vendor onboarding document. Contains commercial terms, service levels, approval workflow, contact points, and conditions for cancellation or extension. Several clauses refer to appendices and supporting schedules.",contract
IT_VendorRisk_guideline_v2.docx,docx,913,5229,9,ocr_scanner,"Operating procedure maintained by IT. The document describes required controls, roles, escalation path, documentation standards, training expectations, and consequences for non-compliance.",policy_document
HR_attachment_2025_870184.pdf,pdf,5715,19659,25,intranet_cms,"[OCR low confidence] Cmpany control standrd. Applies t emplys, contrctors, systems, rcrds, and third-party services. Includes review frequency, owner, effective date, and change history.",policy_document
CustomerChurn_review_pack_v2.pdf,pdf,1224,8097,7,api_ingestion,"Study draft. Sections include introduction, problem setting, baseline models, evaluation protocol, ablation analysis, error cases, discussion, references, and appendix tables.",research_paper
OrchidHealth_Product_records_2022_08.xlsx,xlsx,1179,4824,5,email_attachment,"Business review pack. Contains charts, operational notes, customer segment analysis, revenue movement, issue summary, recommendations, and follow-up actions for leadership review.",report
Sales_attachment_2023_596021.pdf,pdf,167,1836,2,api_ingestion,"DangMinhTri. Candidate profile for MarketingExecutive. Contact information, summary, work history, education, technical skills, projects, certifications, and references are listed.",resume
EastBridge_FY2021_Q3_financials.pdf,pdf,1495,9738,21,email_attachment,"Quarterly financial review. Tables show revenue by business unit, cost of sales, payroll expense, inventory movement, bank balance, outstanding receivables, and manage ... [extraction truncated]",financial_statement
upload_202501_196435.docx,docx,190,748,1,ocr_scanner,"Recruiting attachment from HR workflow. Contains employment history, academic background, project descriptions, achievements, tools used, expected role, and availability information.",resume
PacificDigital_DataNest_service_docs_2022.pdf,pdf,2874,11707,14,sharepoint,"Vendor onboarding document. Contains commercial terms, service levels, approval workflow, contact points, and conditions for cancellation or extension. Several clauses refer to appendices and supporting schedules.",contract
client_AsterFoods_76912_review.jpg,jpg,1547,669,1,sharepoint,"Accounts payable entry. Vendor Dell. PO number 290316. The table lists item description, quantity, unit cost, currency, tax code, approver, due date, and payment remarks.",invoice
upload_202302_878197.docx,docx,206,1301,2,api_ingestion,"PhamNguyenTuong. Candidate profile for DataEngineer. Contact information, summary, work history, education, technical skills, projects, certifications, and references are listed.",resume
PacificDigital_Engineering_records_2024_05.pdf,pdf,298,963,2,sharepoint,"Applicant document. Experience includes data cleaning, dashboard preparation, API integration, documentation, stakeholder communication, and team collaboration. Skills include Python, SQL, Excel, Git, and reporting tools.",resume
VertexCapital_monthly_close_202302.pdf,pdf,2368,12385,20,google_drive,"Accounting workbook extracted from ERP. Sheets include trial balance, profit and loss, balance sheet, cash flow, tax adjustments, depreciation, accruals, and reconciliation comments.",financial_statement
BlueHarbor_Product_records_2024_02.pdf,pdf,1943,3127,8,api_ingestion,"Company control standard. Applies to employees, contractors, systems, records, and third-party services. Includes review frequency, owner, effective date, and change history.",policy_document
VendorRisk_procedure_2024_pending.docx,docx,123,2824,3,sharepoint,"Internal guideline for incident response. Defines purpose, scope, responsibilities, approval steps, exceptions, audit evidence, and review cycle.",policy_document
GreenfieldMFG_Sales_records_2025_11.png,png,450,683,1,api_ingestion,"Billing document received for processing. The first page contains recipient information, reference number, service period, payment instructions, and bank details. Some line items were extracted from a scanned table.",invoice
HR_Forecasting_guideline_v5.pdf,pdf,781,6340,7,google_drive,"Internal guideline for incident response. Defines purpose, scope, responsibilities, approval steps, exceptions, audit evidence, and review cycle.",policy_document
Product_RetailForecasting_202610.csv,csv,1,212,1,sharepoint,"Accounts payable entry. Vendor HP. PO number 786456. The table lists item description, quantity, unit cost, currency, tax code, approver, due date, and payment remarks.",invoice
DataNest_business_update_Q4_2026.xlsx,xlsx,1186,4809,6,excel_upload,"Business review pack. Contains charts, operational notes, customer segment analysis, revenue movement, issue summary, recommendations, and follow-up actions for leadership review.",report
LotusAnalytics_RiverstoneLabs_service_docs_2026.pdf,pdf,747,5374,4,google_drive,"Document between GreenfieldMFG and LotusAnalytics. It defines service scope, responsibilities, milestones, fees, renewal process, confidentiality, data handling, liability limits, termination, and dispute handling.",contract
VendorRisk_technical_note_2026.txt,txt,8,4107,9,sharepoint,"Research note prepared for submission. It compares several methods using accuracy, macro F1, retrieval quality, latency, and robustness under noisy extraction conditions.",research_paper
CloudNine_business_update_Q3_2025.pdf,pdf,1153,6128,10,sharepoint,"Business review pack. Contains charts, operational notes, customer segment analysis, revenue movement, issue summary, recommendations, and follow-up actions for leadership review.",report
PO874852_Microsoft_supporting-doc.pdf,pdf,340,1254,2,vendor_portal,"Supplier record from Canon for BrightlineGroup. Payment reference 73322. Items include software service, delivery, license renewal, or office equipment. Net 23,774.05, tax 2,377.41, amount payable 26,151.45. Payment status and approval notes are included.",invoice
client_CloudNine_205400_draft.txt,txt,7,12650,11,api_ingestion,"Company control standard. Applies to employees, contractors, systems, records, and third-party services. Includes review frequency, owner, effective date, and change history.",policy_document
client_PacificDigital_373590_signed.xlsx,xlsx,505,756,2,sharepoint,"Supplier record from Viettel for LotusAnalytics. Payment reference 40571. Items include software service, delivery, license renewal, or office equipment. Net 17,546.20, tax 0.00, amount payable 17,546.20. Payment status and approval notes are included.",invoice
DocumentAI_review_pack_v2.xlsx,xlsx,1443,21653,38,api_ingestion,"Accounting workbook extracted from ERP. Sheets include trial balance, profit and loss, balance sheet, cash flow, tax adjustments, depreciation, accruals, and reconciliation comments.",financial_statement
VendorMigration_review_pack_v3.pdf,pdf,264,7057,7,streamlit_upload,Please review the attached document and confirm whether the extracted information matches the original source. Several fields may be incomplete because the file was converted from a scanned copy.,research_paper
Applicant_DangTuanMinh_round2.txt,txt,1,1124,1,email_attachment,Please review the attached document and confirm whether the extracted information matches the original source. Several fields may be incomplete because the file was converted from a scanned copy.,resume
VendorRisk_preprint_v2_2022.pdf,pdf,866,10021,5,google_drive,"Technical manuscript about OCRPostCorrection. The document describes motivation, related work, dataset construction, method design, experiments, results, limitations, and future work.",research_paper
AP_VertexCapital_Atlassian_2024_02.csv,csv,1,1704,2,email_attachment,Please review the attached document and confirm whether the extracted information matches the original source. Several fields may be incomplete because the file was converted from a scanned copy.,invoice
VendorRisk_preprint_v2_2021.pdf,pdf,2009,9289,9,ocr_scanner,"Technical manuscript about SpeechRecognition. The document describes motivation, related work, dataset construction, method design, experiments, results, limitations, and future work.",research_paper
ProcurementFlow_review_pack_v3.html,html,4,8798,28,google_drive,"AsterFoods finance close package. Revenue 3,025,313.69, operating expenses 1,253,707.91, assets, liabilities, cash movement, receivables, payables, and equity balances are included with notes.",financial_statement
InternalControl_DataRetention_2022.docx,docx,856,5042,5,email_attachment,"Company control standard. Applies to employees, contractors, systems, records, and third-party services. Includes review frequency, owner, effective date, and change history.",policy_document
OCRPostCorrection_procedure_2022_review.html,html,13,6526,9,compliance_portal,Please review the attached document and confirm whether the extracted information matches the original source. Several fields may be incomplete because the file was converted from a scanned copy.,policy_document
AsterFoods_monthly_close_202311.txt,txt,4,6788,18,sharepoint,"Quarterly financial review. Tables show revenue by business unit, cost of sales, payroll expense, inventory movement, bank balance, outstanding receivables, and management adjustments.",financial_statement
RiverstoneLabs_business_update_Q1_2021.docx,docx,2807,22254,18,email_attachment,"ProcurementFlow update for AsterFoods. The file summarizes current progress, KPI movement, risks, blockers, action items, owners, and next review date. Tables compare this period with the previous baseline.",report
client_PacificDigital_142884_signed.jpg,jpg,3669,2651,3,erp_export,"Billing document received for processing. The first page contains recipient information, reference number, service period, payment instructions, and bank details. Some line items were extracted from a scanned table.",invoice
Security_technical_note_2022.docx,docx,867,13554,9,preprint_server,"Technical manuscript about TimeSeries. The document describes motivation, related work, dataset construction, method design, experiments, results, limitations, and future work.",research_paper
PO15657_VNPT_supporting-doc.pdf,pdf,168,432,1,sharepoint,"Billing document received for processing. The first page contains recipient information, reference number, service period, payment instructions, and bank details. Some line items were extracted from a scanned table.",invoice
Strategy_MobileApp_202411.docx,docx,907,30736,32,api_ingestion,"Company control standard. Applies to employees, contractors, systems, records, and third-party services. Includes review frequency, owner, effective date, and ch ... [extraction truncated]",policy_document
DataAnalyst_PhanDucMinh_profile.pdf,pdf,149,950,1,api_ingestion,"HoangQuynhChi. Candidate profile for BackendDeveloper. Contact information, summary, work history, education, technical skills, projects, certifications, and references are listed.",resume
DataNest_payment_request_202611.xlsx,xlsx,345,391,2,sharepoint,"Accounts payable entry. Vendor Zoom. PO number 763530. The table lists item description, quantity, unit cost, currency, tax code, approver, due date, and payment remarks.",invoice
AccessControl_preprint_v6_2025.docx,docx,321,5543,8,streamlit_upload,"[OCR low confidence] Technical mnscrpt bt SpechRecognition. The document describes motivation, related work, dataset construction, method design, experiments, results, limitations, and future work.",research_paper
upload_202507_913816.xlsx,xlsx,2960,20616,14,sharepoint,"ProcurementFlow update for PacificDigital. The file summarizes current progress, KPI movement, risks, blockers, action items, owners, and next review date. Tables compare this period with the previous baseline.",report
EastBridge_Legal_records_2025_09.pdf,pdf,1350,8907,8,sharepoint,"Document received through automated ingestion. The content includes names, dates, numeric values, approval notes, and references to supporting materials. Some pages contain scanned tables and handwritten annotations.",research_paper
DataPlatform_review_pack_v3.docx,docx,288,5534,4,email_attachment,"Document between OrchidHealth and AcmeCorp. It defines service scope, responsibilities, milestones, fees, renewal process, confidentiality, data handling, liability limits, termination, and dispute handling.",contract
PO959505_Zoom_supporting-doc.png,png,1552,882,2,vendor_portal,"[OCR low confidence] Billing dcment rceved for processing. Th frst pg contains recipient information, reference number, service period, payment instructions, and bank details. Some line items were extracted from a scanned table.",invoice
Legal_RiverstoneLabs_approved_202507.pdf,pdf,547,8605,9,sharepoint,"This file was uploaded as part of the monthly data collection process. It contains business records, notes, attachments, and operational context used by downstream analytics and reporting modules.",contract
Admin_WarehouseOps_202205.pdf,pdf,328,1545,4,google_drive,"Billing document received for processing. The first page contains recipient information, reference number, service period, payment inst ... [extraction truncated]",invoice
SalesDashboard_review_pack_v1.tex,tex,5,2807,4,google_drive,"Prepared for internal review. The attached information summarizes key records, responsible owners, dates, comments, and follow-up actions. Some tables may require manual validation before being loaded into the data platform.",research_paper
CloudNine_NovaTech_service_docs_2024.docx,docx,2074,17521,11,google_drive,"Document between LotusAnalytics and LotusAnalytics. It defines service scope, responsibilities, milestones, fees, renewal process, confidentiality, data handling, liability limits, termination, and dispute handling.",contract
InternalControl_Security_2023.pptx,pptx,32601,55628,32,sharepoint,"Company control standard. Applies to employees, contractors, systems, records, and third-party services. Includes review frequency, owner, effective date, and change history.",policy_document
DataEngineer_PhamGiaBao_profile.html,html,1,1468,2,streamlit_upload,"[OCR low confidence] Applcnt dcment. Experienc ncludes dta clenng, dashboard preparation, API integration, documentation, stakeholder communication, and team collaboration. Skills include Python, SQL, Excel, Git, and reporting tools.",resume
CustomerSuccess_metrics_pack_202504.pdf,pdf,1962,12362,18,google_drive,"DocumentAI update for OrchidHealth. The file summarizes current progress, KPI movement, risks, blockers, action items, owners, and next review date. Tables compare this period with the previous baseline.",report
MekongRetail_MekongRetail_service_docs_2026.pdf,pdf,419,2956,2,email_attachment,"Document between LotusAnalytics and DataNest. It defines service scope, responsibilities, milestones, fees, renewal process, confidentiality, data handling, liability limits, termination, and dispute handling.",contract
DangTuanMinh_BackendDeveloper_CV.docx,docx,119,3064,2,streamlit_upload,"[OCR low confidence] DngTunMinh. Candidte profil for DataEngineer. Contact information, summary, work history, education, technical skills, projects, certifications, and references are listed.",resume
VertexCapital_FY2026_Q1_financials.txt,txt,4,3655,3,sharepoint,"Quarterly financial review. Tables show revenue by business unit, cost of sales, payroll expense, inventory movement, bank balance, outstanding receivables, and management adjustments.",financial_statement
upload_202305_319722.tex,tex,2,4194,8,email_attachment,Please review the attached document and confirm whether the extracted information matches the original source. Several fields may be incomplete because the file was converted from a scanned copy.,research_paper
AP_AsterFoods_FPT_2024_03.pdf,pdf,377,449,1,streamlit_upload,"Supplier record from FPT for NovaTech. Payment reference 50550. Items include software service, delivery, license renewal, or office equipment. Net 10,532.69, tax 1,053.27, amount payable 11,585.96. Payment status and approval notes are included.",invoice
Strategy_attachment_2026_968176.xlsx,xlsx,161,453,1,ocr_scanner,"[OCR low confidence] Accnts payabl ntry. Vendr SAP. PO numbr 696379. The table lists tm description, quantity, unit cost, currency, tax code, approver, due date, and payment remarks.",invoice
Legal_CloudNine_review_202311.pdf,pdf,542,1680,3,sharepoint,"Document between AsterFoods and NovaTech. It defines service scope, responsibilities, milestones, fees, renewal process, confidentiality, data handling, liability limits, termination, and dispute handling.",contract
PhamNguyenTuong_MLEngineer_CV.pdf,pdf,168,599,1,sharepoint,"Applicant document. Experience includes data cleaning, dashboard preparation, API integration, documentation, stakeholder communication, and team  ... [extraction truncated]",resume
RetailForecasting_vendor_terms_2025_v1.pdf,pdf,2554,27491,26,legal_dms,"Document between LotusAnalytics and NovaTech. It defines service scope, responsibilities, milestones, fees, renewal process, confidentiality, data handling, liability limits, termination, and dispute handling.",contract
CustomerChurn_dashboard_export_202210.xlsx,xlsx,557,9333,12,streamlit_upload,"Monthly performance summary prepared by Engineering. Includes source data notes, metric definitions, trend observations, variance explanations, and proposed next steps.",report
RiverstoneLabs_Engineering_records_2021_11.jpg,jpg,3130,1181,2,api_ingestion,"Billing document received for processing. The first page contains recipient information, reference number, service period, payment instructions, and bank details. Some line items were extracted from a scanned table.",invoice
upload_202609_302372.xlsx,xlsx,1255,3198,5,email_attachment,"Quarterly financial review. Tables show revenue by business unit, cost of sales, payroll expense, inventory movement, bank balance, outstanding receivables, and management adjustments.",financial_statement
OCRPostCorrection_preprint_v4_2026.docx,docx,747,6342,11,ocr_scanner,"Research note prepared for submission. It compares several methods using accuracy, macro F1, retrieval quality, latency, and robustness under noisy extraction conditions.",research_paper
upload_202106_132066.txt,txt,10,16070,19,google_drive,"Prepared for internal review. The attached information summarizes key records, responsible owners, dates, comments, and follow-up actions. Some tables may require manual validation before being loaded into the data platform.",report
BuiKhanhLinh_HRIntern_2024_application.docx,docx,246,1678,2,ats_upload,"[OCR low confidence] Prepred fr intrnl rview. The attached information summarizes key records, responsible owners, dates, comments, and follow-up actions. Some tables may require manual validation before being loaded into the data platform.",resume
MarketExpansion_dashboard_export_202304.txt,txt,4,5783,7,email_attachment,"Monthly performance summary prepared by Sales. Includes source data notes, metric definitions, trend observations, variance explanations, and proposed next steps.",report
DataNest_CustomerSuccess_records_2023_02.pdf,pdf,1537,7009,9,api_ingestion,"[OCR low confidence] MobileApp pdte fr VrtxCpital. The file summarizes current progress, KPI movement, risks, blockers, action items, owners, and next review date. Tables compare this period with the previous baseline.",report
SalesDashboard_vendor_terms_2021_v2.pdf,pdf,868,9014,12,email_attachment,"Document between AcmeCorp and BlueHarbor. It defines service scope, responsibilities, milestones, fees, renewal process, confidentiality, data handling, liability limits, termination, and dispute handling.",contract
AccessControl_preprint_v1_2025.pdf,pdf,1753,6903,8,email_attachment,"Study draft. Sections include introduction, problem setting, baseline models, evaluation protocol, ablation analysis, error cases, discussion, references, and appendix tables.",research_paper
Legal_PacificDigital_pending_202412.jpg,jpg,9524,14192,10,google_drive,"Document between EastBridge and DataNest. It defines service scope, responsibilities, milestones, fees, renewal process, confidentiality, data handling, liability limits, termination, and dispute handling.",contract
upload_202611_585738.pdf,pdf,383,2411,3,ocr_scanner,"Operating procedure maintained by Ops. The document describes required controls, roles, escalation path, documentation standards, training expectations, and consequences for non-compliance.",policy_document
VendorMigration_Q4_2023_review.xlsx,xlsx,680,3601,4,google_drive,"Business review pack. Contains charts, operational notes, customer segment analysis, revenue movement, issue summary, recommendations, and follow-up actions for leadership review.",report
client_PacificDigital_919968_draft.docx,docx,131,494,1,sharepoint,"Applicant document. Experience includes data cleaning, dashboard preparation, API integration, documentation, stakeholder communication, and team collaboration. Skills include Python, SQL, Excel, Git, and reporting tools.",resume
BrightlineGroup_business_update_Q4_2022.pptx,pptx,33549,10170,10,api_ingestion,"Business review pack. Contains charts, operational notes, customer segment analysis, revenue movement, issue summary, recommendations, and follow-up actions for leadership review.",report
BrightlineGroup_Engineering_records_2022_07.xlsx,xlsx,1970,6118,16,google_drive,"Monthly performance summary prepared by IT. Includes source data notes, metric definitions, trend observations, variance explanations, and proposed next steps.",report
DocumentAI_review_pack_v5.docx,docx,2614,23085,29,email_attachment,"Internal guideline for access control. Defines purpose, scope, responsibilities, approval steps, exceptions, audit evidence, and review cycle.",policy_document
DocumentAI_vendor_terms_2021_v2.jpg,jpg,1480,1872,2,sharepoint,"Legal review copy. Sections include scope, obligations, payment schedule, ownership of work products, privacy requirements, support terms, warranties, change requests, and signature blocks.",contract
MarketExpansion_dashboard_export_202206.xlsx,xlsx,343,3852,9,sharepoint,"Monthly performance summary prepared by CustomerSuccess. Includes source data notes, metric definitions, trend observations, variance explanations, and proposed next steps.",report
AP_LotusAnalytics_ShopeeAds_2023_03.docx,docx,350,709,2,sharepoint,Please review the attached document and confirm whether the extracted information matches the original source. Several fields may be incomplete because the file was converted from a scanned copy.,invoice
Ops_RiskMonitoring_202511.docx,docx,1229,17878,12,intranet_cms,"[OCR low confidence] Opratng procdre mintained by Rsarch. Th docmnt dscribes required controls, roles, escalation path, documentation standards, training expectations, and consequences for non-compliance.",policy_document
LotusAnalytics_Procurement_records_2023_04.txt,txt,9,8475,10,email_attachment,"Operating procedure maintained by Finance. The document describes required controls, roles, escalation path, documentation standards, training expectations, and consequences for non-compliance.",policy_document
SummitLogistics_trial_balance_2024_04.csv,csv,20,13596,25,api_ingestion,"Accounting workbook extracted from ERP. Sheets include trial balance, profit and loss, balance sheet, cash flow, tax adjustments, depreciation, accruals, and reconciliation comments.",financial_statement
client_SummitLogistics_958612_draft.docx,docx,341,1686,3,streamlit_upload,"Internal guideline for access control. Defines purpose, scope, responsibilities, approval steps, exceptions, audit evidence, and review cycle.",policy_document
NguyenMinhKhang_BusinessAnalyst_2023_application.pdf,pdf,260,928,1,google_drive,"Applicant document. Experience includes data cleaning, dashboard preparation, API integration, documentation, stakeholder communication, and team collaboration. Skills include Python, SQL, Excel, Git, and reporting tools.",resume
CloudNine_Product_records_2025_04.docx,docx,211,2450,2,email_attachment,"Operating procedure maintained by Strategy. The document describes required controls, roles, escalation path, documentation standards, training expectations, and consequences for non-compliance.",policy_document
Compliance_metrics_pack_202112.xlsx,xlsx,1714,6667,9,google_drive,"[OCR low confidence] VndrMgrton pdate fr PcificDigitl. Th file smmarizes current progress, KPI movement, risks, blockers, action items, owners, and next review date. Tables compare this period with the previous baseline.",report
Security_procedure_2026_pending.docx,docx,232,1496,3,ocr_scanner,"Company control standard. Applies to employees, contractors, systems, records, and third-party services. Includes review frequency, owner, effective date, and change history.",policy_document
Finance_MekongRetail_consolidated_2023.xlsx,xlsx,918,6018,12,excel_upload,"Accounting workbook extracted from ERP. Sheets include trial balance, profit and loss, balance sheet, cash flow, tax adjustments, depreciation, accruals, and reconciliation comments.",financial_statement
Legal_metrics_pack_202105.pdf,pdf,503,3013,7,sharepoint,"Document received through automated ingestion. The content includes names, dates, numeric values, approval notes, and references to supporting materials. Some pages contain scanned tables and handwritten annotations.",report
Finance_RiverstoneLabs_consolidated_2025.txt,txt,3,3266,7,excel_upload,"Quarterly financial review. Tables show revenue by business unit, cost of sales, payroll expense, inventory movement, bank balance, outstanding receivables, and management adjustments.",financial_statement
AP_GreenfieldMFG_Dell_2023_07.xlsx,xlsx,75,480,2,google_drive,"Supplier record from OfficePro for RiverstoneLabs. Payment reference 49717. Items include software service, delivery, license renewal, or office equipment. Net 8,462.37, tax 676.99, amount payable 9,139.36. Payment status and approval notes are included.",invoice
BlueHarbor_Sales_records_2023_04.docx,docx,5113,99254,64,google_drive,"Accounting workbook extracted from ERP. Sheets include trial balance, profit and loss, balance sheet, cash flow, tax adjustments, depreciation, accruals, and reconciliation comments.",financial_statement
upload_202202_404266.csv,csv,1,954,2,google_drive,Please review the attached document and confirm whether the extracted information matches the original source. Several fields may be inc ... [extraction truncated],invoice
client_OrchidHealth_432146_signed.docx,docx,1201,6650,7,google_drive,"Study draft. Sections include introduction, problem setting, baseline models, evaluation protocol, ablation analysis, error cases, discussion, references, and appendix tables.",research_paper
ICML_2025_submission_882849.pdf,pdf,2141,4565,7,google_drive,"Technical manuscript about RAG. The document describes motivation, related work, dataset construction, method design, experiments, results, limitations, and future work.",research_paper
AP_BlueHarbor_Slack_2026_01.xlsx,xlsx,263,805,2,google_drive,"Supplier record from DHL for EastBridge. Payment reference 50823. Items include software service, delivery, license renewal, or office equipment. Net 22,376.07, tax 1,118.80, amount payable 23,494.87. Payment status and approval notes are included.",invoice
client_VertexCapital_530304_final.docx,docx,97,3920,4,email_attachment,"RiskMonitoring update for AcmeCorp. The file summarizes current progress, KPI movement, risks, blockers, action items, owners, an ... [extraction truncated]",report
PO431625_Microsoft_supporting-doc.docx,docx,131,1240,2,google_drive,"Accounts payable entry. Vendor HP. PO number 623552. The table lists item description, quantity, unit cost, currency, tax code, approver, due date, and payment remarks.",invoice
RetailForecasting_dashboard_export_202411.docx,docx,1750,9260,19,powerbi_export,Please review the attached document and confirm whether the extracted information matches the original source. Several fields may be incomple ... [extraction truncated],report
upload_202107_4436.pdf,pdf,1754,11680,12,ocr_scanner,"Legal review copy. Sections include scope, obligations, payment schedule, ownership of work products, privacy requirements, support terms, warranties, change requests, and signature blocks.",contract
DataPlatform_review_pack_v3_831.docx,docx,801,11108,8,api_ingestion,"Research note prepared for submission. It compares several methods using accuracy, macro F1, retrieval quality, latency, and robustness under noisy extraction conditions.",research_paper
Applicant_VoThanhDat_round4.html,html,1,1195,1,email_attachment,"Applicant document. Experience includes data cleaning, dashboard preparation, API integration, documentation, stakeholder communication, and team collaboration. Skills include Python, SQL, Excel, Git, and reporting tools.",resume
PhanDucMinh_ProjectCoordinator_2022_application.txt,txt,1,1226,2,sharepoint,"This file was uploaded as part of the monthly data collection process. It contains business records, notes, attachments, and operational context used by downstream analytics and reporting modules.",resume
Hoang_OCRPostCorrection_draft_v4.tex,tex,3,4478,7,preprint_server,"Technical manuscript about RAG. The document describes motivation, related work, dataset construction, method design, experiments, results, limitations, and future work.",research_paper
Procurement_attachment_2022_691685.pdf,pdf,3724,10276,13,legal_dms,"This file was uploaded as part of the monthly data collection process. It contains business records, notes, attachments, and operational context used by downstream analytics and reporting modules.",contract
PacificDigital_trial_balance_2023_02.txt,txt,19,19870,23,google_drive,"VertexCapital finance close package. Revenue 1,457,890.27, operating expenses 857,258.68, assets, liabilities, cash movement, receivables, payables, and equity balances are included with notes.",financial_statement
RiverstoneLabs_Product_records_2025_10.docx,docx,799,4896,8,email_attachment,"Quarterly financial review. Tables show revenue by business unit, cost of sales, payroll expense, inventory movement, bank balance, outstanding receivables, and management adjustments.",financial_statement
